[
{
    "model": "admin.logentry",
    "pk": 1,
    "fields": {
        "action_time": "2023-04-11T16:03:34.647Z",
        "user": 1,
        "content_type": 4,
        "object_id": "2",
        "object_repr": "nata",
        "action_flag": 1,
        "change_message": "[{\"added\": {}}]"
    }
},
{
    "model": "admin.logentry",
    "pk": 2,
    "fields": {
        "action_time": "2023-04-11T16:03:56.970Z",
        "user": 1,
        "content_type": 4,
        "object_id": "2",
        "object_repr": "nata",
        "action_flag": 2,
        "change_message": "[{\"changed\": {\"fields\": [\"Staff status\"]}}]"
    }
},
{
    "model": "admin.logentry",
    "pk": 3,
    "fields": {
        "action_time": "2023-04-11T19:34:17.879Z",
        "user": 1,
        "content_type": 8,
        "object_id": "1",
        "object_repr": "Holy Land",
        "action_flag": 1,
        "change_message": "[{\"added\": {}}]"
    }
},
{
    "model": "admin.logentry",
    "pk": 4,
    "fields": {
        "action_time": "2023-04-11T19:34:44.497Z",
        "user": 1,
        "content_type": 8,
        "object_id": "1",
        "object_repr": "Holy Land",
        "action_flag": 2,
        "change_message": "[{\"changed\": {\"fields\": [\"Image\"]}}]"
    }
},
{
    "model": "admin.logentry",
    "pk": 5,
    "fields": {
        "action_time": "2023-04-11T19:37:15.826Z",
        "user": 1,
        "content_type": 8,
        "object_id": "2",
        "object_repr": "sesderma",
        "action_flag": 1,
        "change_message": "[{\"added\": {}}]"
    }
},
{
    "model": "admin.logentry",
    "pk": 6,
    "fields": {
        "action_time": "2023-04-11T19:38:47.520Z",
        "user": 1,
        "content_type": 8,
        "object_id": "3",
        "object_repr": "medi+derma",
        "action_flag": 1,
        "change_message": "[{\"added\": {}}]"
    }
},
{
    "model": "admin.logentry",
    "pk": 7,
    "fields": {
        "action_time": "2023-04-11T19:57:29.078Z",
        "user": 1,
        "content_type": 9,
        "object_id": "1",
        "object_repr": "Для проблемної шкіри",
        "action_flag": 1,
        "change_message": "[{\"added\": {}}]"
    }
},
{
    "model": "admin.logentry",
    "pk": 8,
    "fields": {
        "action_time": "2023-04-11T19:58:27.149Z",
        "user": 1,
        "content_type": 10,
        "object_id": "1",
        "object_repr": "A-NOX",
        "action_flag": 1,
        "change_message": "[{\"added\": {}}]"
    }
},
{
    "model": "admin.logentry",
    "pk": 9,
    "fields": {
        "action_time": "2023-04-12T07:58:40.550Z",
        "user": 1,
        "content_type": 9,
        "object_id": "2",
        "object_repr": "Сонцезахисні",
        "action_flag": 1,
        "change_message": "[{\"added\": {}}]"
    }
},
{
    "model": "admin.logentry",
    "pk": 10,
    "fields": {
        "action_time": "2023-04-12T08:02:09.033Z",
        "user": 1,
        "content_type": 8,
        "object_id": "4",
        "object_repr": "Всі",
        "action_flag": 1,
        "change_message": "[{\"added\": {}}]"
    }
},
{
    "model": "admin.logentry",
    "pk": 11,
    "fields": {
        "action_time": "2023-04-12T08:03:50.878Z",
        "user": 1,
        "content_type": 9,
        "object_id": "3",
        "object_repr": "Лікувальні",
        "action_flag": 1,
        "change_message": "[{\"added\": {}}]"
    }
},
{
    "model": "admin.logentry",
    "pk": 12,
    "fields": {
        "action_time": "2023-04-12T08:04:32.636Z",
        "user": 1,
        "content_type": 9,
        "object_id": "2",
        "object_repr": "Сонцезахисні",
        "action_flag": 2,
        "change_message": "[{\"changed\": {\"fields\": [\"Brand\"]}}]"
    }
},
{
    "model": "admin.logentry",
    "pk": 13,
    "fields": {
        "action_time": "2023-04-12T08:04:58.544Z",
        "user": 1,
        "content_type": 9,
        "object_id": "1",
        "object_repr": "Для проблемної шкіри",
        "action_flag": 2,
        "change_message": "[{\"changed\": {\"fields\": [\"Brand\"]}}]"
    }
},
{
    "model": "admin.logentry",
    "pk": 14,
    "fields": {
        "action_time": "2023-04-12T08:07:27.313Z",
        "user": 1,
        "content_type": 10,
        "object_id": "2",
        "object_repr": "SUNBRELLA",
        "action_flag": 1,
        "change_message": "[{\"added\": {}}]"
    }
},
{
    "model": "admin.logentry",
    "pk": 15,
    "fields": {
        "action_time": "2023-04-12T08:10:40.857Z",
        "user": 1,
        "content_type": 10,
        "object_id": "3",
        "object_repr": "DOUBLE ACTION",
        "action_flag": 1,
        "change_message": "[{\"added\": {}}]"
    }
},
{
    "model": "admin.logentry",
    "pk": 16,
    "fields": {
        "action_time": "2023-04-12T08:12:59.751Z",
        "user": 1,
        "content_type": 10,
        "object_id": "4",
        "object_repr": "C the SUCCES",
        "action_flag": 1,
        "change_message": "[{\"added\": {}}]"
    }
},
{
    "model": "admin.logentry",
    "pk": 17,
    "fields": {
        "action_time": "2023-04-12T08:14:18.598Z",
        "user": 1,
        "content_type": 10,
        "object_id": "5",
        "object_repr": "AGE CONTROLE",
        "action_flag": 1,
        "change_message": "[{\"added\": {}}]"
    }
},
{
    "model": "admin.logentry",
    "pk": 18,
    "fields": {
        "action_time": "2023-04-12T08:14:59.999Z",
        "user": 1,
        "content_type": 10,
        "object_id": "1",
        "object_repr": "A-NOX",
        "action_flag": 2,
        "change_message": "[]"
    }
},
{
    "model": "admin.logentry",
    "pk": 19,
    "fields": {
        "action_time": "2023-04-12T19:35:26.183Z",
        "user": 1,
        "content_type": 11,
        "object_id": "1",
        "object_repr": "SUNBRELLA Demi Make-­Up",
        "action_flag": 1,
        "change_message": "[{\"added\": {}}]"
    }
},
{
    "model": "admin.logentry",
    "pk": 20,
    "fields": {
        "action_time": "2023-04-12T19:40:05.676Z",
        "user": 1,
        "content_type": 11,
        "object_id": "2",
        "object_repr": "SUNBRELLA SPF 30",
        "action_flag": 1,
        "change_message": "[{\"added\": {}}]"
    }
},
{
    "model": "admin.logentry",
    "pk": 21,
    "fields": {
        "action_time": "2023-04-12T19:44:34.588Z",
        "user": 1,
        "content_type": 11,
        "object_id": "3",
        "object_repr": "SUNBRELLA SPF 50 + Demi Make Up",
        "action_flag": 1,
        "change_message": "[{\"added\": {}}]"
    }
},
{
    "model": "admin.logentry",
    "pk": 22,
    "fields": {
        "action_time": "2023-04-12T19:47:41.954Z",
        "user": 1,
        "content_type": 11,
        "object_id": "4",
        "object_repr": "SUNBRELLA SPF 50+ Very High Protection",
        "action_flag": 1,
        "change_message": "[{\"added\": {}}]"
    }
},
{
    "model": "admin.logentry",
    "pk": 23,
    "fields": {
        "action_time": "2023-04-12T19:49:37.105Z",
        "user": 1,
        "content_type": 11,
        "object_id": "3",
        "object_repr": "SUNBRELLA SPF 50 + Demi Make Up",
        "action_flag": 2,
        "change_message": "[{\"changed\": {\"fields\": [\"Image\"]}}]"
    }
},
{
    "model": "admin.logentry",
    "pk": 24,
    "fields": {
        "action_time": "2023-04-12T20:07:34.011Z",
        "user": 1,
        "content_type": 10,
        "object_id": "2",
        "object_repr": "SUNBRELLA",
        "action_flag": 2,
        "change_message": "[{\"changed\": {\"fields\": [\"\\u041e\\u043f\\u0438\\u0441\", \"Image\"]}}]"
    }
},
{
    "model": "admin.logentry",
    "pk": 25,
    "fields": {
        "action_time": "2023-04-14T06:52:26.033Z",
        "user": 1,
        "content_type": 8,
        "object_id": "2",
        "object_repr": "sesderma",
        "action_flag": 2,
        "change_message": "[{\"changed\": {\"fields\": [\"Image\"]}}]"
    }
},
{
    "model": "admin.logentry",
    "pk": 26,
    "fields": {
        "action_time": "2023-04-14T07:00:10.745Z",
        "user": 1,
        "content_type": 10,
        "object_id": "6",
        "object_repr": "Azelac",
        "action_flag": 1,
        "change_message": "[{\"added\": {}}]"
    }
},
{
    "model": "admin.logentry",
    "pk": 27,
    "fields": {
        "action_time": "2023-04-14T07:05:21.342Z",
        "user": 1,
        "content_type": 11,
        "object_id": "5",
        "object_repr": "Зволожуючий гель SeSDerma Azelac Moisturizing Facial Gel",
        "action_flag": 1,
        "change_message": "[{\"added\": {}}]"
    }
},
{
    "model": "admin.logentry",
    "pk": 28,
    "fields": {
        "action_time": "2023-04-14T07:11:18.678Z",
        "user": 1,
        "content_type": 11,
        "object_id": "6",
        "object_repr": "Лосьон для лица и тела SeSDerma Azelac Face Scalp and Body Lotion",
        "action_flag": 1,
        "change_message": "[{\"added\": {}}]"
    }
},
{
    "model": "admin.logentry",
    "pk": 29,
    "fields": {
        "action_time": "2023-04-14T07:15:05.891Z",
        "user": 1,
        "content_type": 11,
        "object_id": "7",
        "object_repr": "Увлажняющий крем для лица SeSDerma Azelac Moisturizing Facial Cream",
        "action_flag": 1,
        "change_message": "[{\"added\": {}}]"
    }
},
{
    "model": "admin.logentry",
    "pk": 30,
    "fields": {
        "action_time": "2023-04-14T07:15:31.928Z",
        "user": 1,
        "content_type": 8,
        "object_id": "3",
        "object_repr": "medi+derma",
        "action_flag": 2,
        "change_message": "[{\"changed\": {\"fields\": [\"Image\"]}}]"
    }
},
{
    "model": "admin.logentry",
    "pk": 31,
    "fields": {
        "action_time": "2023-04-14T07:27:23.508Z",
        "user": 1,
        "content_type": 9,
        "object_id": "4",
        "object_repr": "Для домашнього догляду",
        "action_flag": 1,
        "change_message": "[{\"added\": {}}]"
    }
},
{
    "model": "admin.logentry",
    "pk": 32,
    "fields": {
        "action_time": "2023-04-14T07:27:53.971Z",
        "user": 1,
        "content_type": 9,
        "object_id": "2",
        "object_repr": "Сонцезахисні",
        "action_flag": 2,
        "change_message": "[{\"changed\": {\"fields\": [\"Position\"]}}]"
    }
},
{
    "model": "admin.logentry",
    "pk": 33,
    "fields": {
        "action_time": "2023-04-14T07:28:07.826Z",
        "user": 1,
        "content_type": 9,
        "object_id": "4",
        "object_repr": "Для домашнього догляду",
        "action_flag": 2,
        "change_message": "[{\"changed\": {\"fields\": [\"Position\"]}}]"
    }
},
{
    "model": "admin.logentry",
    "pk": 34,
    "fields": {
        "action_time": "2023-04-14T14:56:09.379Z",
        "user": 1,
        "content_type": 8,
        "object_id": "3",
        "object_repr": "medi+derma",
        "action_flag": 2,
        "change_message": "[{\"changed\": {\"fields\": [\"Image\"]}}]"
    }
},
{
    "model": "admin.logentry",
    "pk": 35,
    "fields": {
        "action_time": "2023-04-14T14:57:10.067Z",
        "user": 1,
        "content_type": 8,
        "object_id": "4",
        "object_repr": "Всі",
        "action_flag": 2,
        "change_message": "[{\"changed\": {\"fields\": [\"Image\"]}}]"
    }
},
{
    "model": "admin.logentry",
    "pk": 36,
    "fields": {
        "action_time": "2023-04-14T15:17:06.114Z",
        "user": 1,
        "content_type": 8,
        "object_id": "2",
        "object_repr": "sesderma",
        "action_flag": 2,
        "change_message": "[{\"changed\": {\"fields\": [\"Image\"]}}]"
    }
},
{
    "model": "admin.logentry",
    "pk": 37,
    "fields": {
        "action_time": "2023-04-14T15:17:29.641Z",
        "user": 1,
        "content_type": 8,
        "object_id": "3",
        "object_repr": "medi+derma",
        "action_flag": 2,
        "change_message": "[{\"changed\": {\"fields\": [\"Image\"]}}]"
    }
},
{
    "model": "admin.logentry",
    "pk": 38,
    "fields": {
        "action_time": "2023-04-14T16:21:31.745Z",
        "user": 1,
        "content_type": 8,
        "object_id": "2",
        "object_repr": "sesderma",
        "action_flag": 2,
        "change_message": "[{\"changed\": {\"fields\": [\"Image\"]}}]"
    }
},
{
    "model": "admin.logentry",
    "pk": 39,
    "fields": {
        "action_time": "2023-04-14T16:21:49.466Z",
        "user": 1,
        "content_type": 8,
        "object_id": "3",
        "object_repr": "medi+derma",
        "action_flag": 2,
        "change_message": "[{\"changed\": {\"fields\": [\"Image\"]}}]"
    }
},
{
    "model": "admin.logentry",
    "pk": 40,
    "fields": {
        "action_time": "2023-04-14T16:22:09.084Z",
        "user": 1,
        "content_type": 8,
        "object_id": "1",
        "object_repr": "Holy Land",
        "action_flag": 2,
        "change_message": "[{\"changed\": {\"fields\": [\"Image\"]}}]"
    }
},
{
    "model": "admin.logentry",
    "pk": 41,
    "fields": {
        "action_time": "2023-04-14T16:28:26.483Z",
        "user": 1,
        "content_type": 8,
        "object_id": "4",
        "object_repr": "Всі",
        "action_flag": 2,
        "change_message": "[{\"changed\": {\"fields\": [\"Image\"]}}]"
    }
},
{
    "model": "admin.logentry",
    "pk": 42,
    "fields": {
        "action_time": "2023-04-22T12:51:06.230Z",
        "user": 1,
        "content_type": 11,
        "object_id": "5",
        "object_repr": "Зволожуючий гель SeSDerma Azelac Moisturizing Facial Gel",
        "action_flag": 2,
        "change_message": "[{\"changed\": {\"fields\": [\"Image\"]}}]"
    }
},
{
    "model": "admin.logentry",
    "pk": 43,
    "fields": {
        "action_time": "2023-04-22T12:52:33.340Z",
        "user": 1,
        "content_type": 11,
        "object_id": "6",
        "object_repr": "Лосьон для лица и тела SeSDerma Azelac Face Scalp and Body Lotion",
        "action_flag": 2,
        "change_message": "[{\"changed\": {\"fields\": [\"Image\"]}}]"
    }
},
{
    "model": "admin.logentry",
    "pk": 44,
    "fields": {
        "action_time": "2023-04-22T12:52:58.771Z",
        "user": 1,
        "content_type": 11,
        "object_id": "7",
        "object_repr": "Увлажняющий крем для лица SeSDerma Azelac Moisturizing Facial Cream",
        "action_flag": 2,
        "change_message": "[{\"changed\": {\"fields\": [\"Image\"]}}]"
    }
},
{
    "model": "admin.logentry",
    "pk": 45,
    "fields": {
        "action_time": "2023-04-26T18:24:24.691Z",
        "user": 1,
        "content_type": 9,
        "object_id": "5",
        "object_repr": "Зволожувальні",
        "action_flag": 1,
        "change_message": "[{\"added\": {}}]"
    }
},
{
    "model": "admin.logentry",
    "pk": 46,
    "fields": {
        "action_time": "2023-04-26T18:26:34.957Z",
        "user": 1,
        "content_type": 10,
        "object_id": "7",
        "object_repr": "Hidraderm",
        "action_flag": 1,
        "change_message": "[{\"added\": {}}]"
    }
},
{
    "model": "admin.logentry",
    "pk": 47,
    "fields": {
        "action_time": "2023-04-26T18:40:14.574Z",
        "user": 1,
        "content_type": 11,
        "object_id": "8",
        "object_repr": "Гель для душа SeSDerma Hidraderm Bath Gel",
        "action_flag": 1,
        "change_message": "[{\"added\": {}}]"
    }
},
{
    "model": "admin.logentry",
    "pk": 48,
    "fields": {
        "action_time": "2023-04-26T18:41:06.756Z",
        "user": 1,
        "content_type": 9,
        "object_id": "5",
        "object_repr": "Зволожуючі",
        "action_flag": 2,
        "change_message": "[{\"changed\": {\"fields\": [\"\\u041a\\u0430\\u0442\\u0435\\u0433\\u043e\\u0440\\u0456\\u044f\"]}}]"
    }
},
{
    "model": "admin.logentry",
    "pk": 49,
    "fields": {
        "action_time": "2023-04-26T19:03:37.222Z",
        "user": 1,
        "content_type": 11,
        "object_id": "9",
        "object_repr": "Защитный крем-бальзам для губ Sesderma Hidraderm Lip Protector",
        "action_flag": 1,
        "change_message": "[{\"added\": {}}]"
    }
},
{
    "model": "admin.logentry",
    "pk": 50,
    "fields": {
        "action_time": "2023-04-26T19:09:01.723Z",
        "user": 1,
        "content_type": 11,
        "object_id": "10",
        "object_repr": "Крем для рук SeSDerma Hidraderm Hand Cream",
        "action_flag": 1,
        "change_message": "[{\"added\": {}}]"
    }
},
{
    "model": "admin.logentry",
    "pk": 51,
    "fields": {
        "action_time": "2023-04-26T19:32:28.510Z",
        "user": 1,
        "content_type": 11,
        "object_id": "11",
        "object_repr": "Молочко для лица SesDerma Laboratories Hidraderm Cleansing Milk",
        "action_flag": 1,
        "change_message": "[{\"added\": {}}]"
    }
},
{
    "model": "admin.logentry",
    "pk": 52,
    "fields": {
        "action_time": "2023-04-26T19:55:27.168Z",
        "user": 1,
        "content_type": 11,
        "object_id": "12",
        "object_repr": "Молочко для тела HIDRADERM",
        "action_flag": 1,
        "change_message": "[{\"added\": {}}]"
    }
},
{
    "model": "admin.logentry",
    "pk": 53,
    "fields": {
        "action_time": "2023-04-26T20:10:25.233Z",
        "user": 1,
        "content_type": 11,
        "object_id": "13",
        "object_repr": "Тоник для чувствительной кожи SeSDerma Hidraderm Oatmeal & Roses Water",
        "action_flag": 1,
        "change_message": "[{\"added\": {}}]"
    }
},
{
    "model": "admin.logentry",
    "pk": 54,
    "fields": {
        "action_time": "2023-04-27T17:09:26.847Z",
        "user": 1,
        "content_type": 10,
        "object_id": "1",
        "object_repr": "A-NOX",
        "action_flag": 2,
        "change_message": "[{\"changed\": {\"fields\": [\"\\u041e\\u043f\\u0438\\u0441\", \"Image\"]}}]"
    }
},
{
    "model": "admin.logentry",
    "pk": 55,
    "fields": {
        "action_time": "2023-04-27T17:21:18.802Z",
        "user": 1,
        "content_type": 10,
        "object_id": "5",
        "object_repr": "AGE CONTROL",
        "action_flag": 2,
        "change_message": "[{\"changed\": {\"fields\": [\"\\u041b\\u0456\\u043d\\u0456\\u044f\", \"\\u041e\\u043f\\u0438\\u0441\", \"Image\"]}}]"
    }
},
{
    "model": "admin.logentry",
    "pk": 56,
    "fields": {
        "action_time": "2023-04-27T17:31:33.974Z",
        "user": 1,
        "content_type": 10,
        "object_id": "6",
        "object_repr": "Azelac",
        "action_flag": 2,
        "change_message": "[{\"changed\": {\"fields\": [\"Image\"]}}]"
    }
},
{
    "model": "admin.logentry",
    "pk": 57,
    "fields": {
        "action_time": "2023-04-27T17:38:19.093Z",
        "user": 1,
        "content_type": 10,
        "object_id": "4",
        "object_repr": "C the SUCCES",
        "action_flag": 2,
        "change_message": "[{\"changed\": {\"fields\": [\"\\u041e\\u043f\\u0438\\u0441\", \"Image\"]}}]"
    }
},
{
    "model": "admin.logentry",
    "pk": 58,
    "fields": {
        "action_time": "2023-04-27T17:42:34.784Z",
        "user": 1,
        "content_type": 10,
        "object_id": "3",
        "object_repr": "DOUBLE ACTION",
        "action_flag": 2,
        "change_message": "[{\"changed\": {\"fields\": [\"\\u041e\\u043f\\u0438\\u0441\", \"Image\"]}}]"
    }
},
{
    "model": "admin.logentry",
    "pk": 59,
    "fields": {
        "action_time": "2023-04-28T12:28:26.391Z",
        "user": 1,
        "content_type": 9,
        "object_id": "5",
        "object_repr": "Зволожуючі",
        "action_flag": 2,
        "change_message": "[{\"changed\": {\"fields\": [\"Image\"]}}]"
    }
},
{
    "model": "admin.logentry",
    "pk": 60,
    "fields": {
        "action_time": "2023-04-28T12:29:19.924Z",
        "user": 1,
        "content_type": 9,
        "object_id": "2",
        "object_repr": "Сонцезахисні",
        "action_flag": 2,
        "change_message": "[{\"changed\": {\"fields\": [\"Image\"]}}]"
    }
},
{
    "model": "admin.logentry",
    "pk": 61,
    "fields": {
        "action_time": "2023-04-28T12:30:50.849Z",
        "user": 1,
        "content_type": 9,
        "object_id": "3",
        "object_repr": "Лікувальні",
        "action_flag": 2,
        "change_message": "[{\"changed\": {\"fields\": [\"Image\"]}}]"
    }
},
{
    "model": "admin.logentry",
    "pk": 62,
    "fields": {
        "action_time": "2023-04-28T12:31:41.447Z",
        "user": 1,
        "content_type": 9,
        "object_id": "1",
        "object_repr": "Для проблемної шкіри",
        "action_flag": 2,
        "change_message": "[{\"changed\": {\"fields\": [\"Image\"]}}]"
    }
},
{
    "model": "admin.logentry",
    "pk": 63,
    "fields": {
        "action_time": "2023-04-28T12:32:55.983Z",
        "user": 1,
        "content_type": 9,
        "object_id": "4",
        "object_repr": "Для домашнього догляду",
        "action_flag": 2,
        "change_message": "[{\"changed\": {\"fields\": [\"\\u041e\\u043f\\u0438\\u0441\", \"Image\"]}}]"
    }
},
{
    "model": "admin.logentry",
    "pk": 64,
    "fields": {
        "action_time": "2023-04-28T13:41:57.792Z",
        "user": 1,
        "content_type": 10,
        "object_id": "2",
        "object_repr": "SUNBRELLA",
        "action_flag": 2,
        "change_message": "[{\"changed\": {\"fields\": [\"Image\"]}}]"
    }
},
{
    "model": "admin.logentry",
    "pk": 65,
    "fields": {
        "action_time": "2023-04-28T13:43:04.528Z",
        "user": 1,
        "content_type": 10,
        "object_id": "7",
        "object_repr": "Hidraderm",
        "action_flag": 2,
        "change_message": "[{\"changed\": {\"fields\": [\"Image\"]}}]"
    }
},
{
    "model": "admin.logentry",
    "pk": 66,
    "fields": {
        "action_time": "2023-05-01T09:40:57.009Z",
        "user": 1,
        "content_type": 9,
        "object_id": "6",
        "object_repr": "Для в'янучої шкіри",
        "action_flag": 1,
        "change_message": "[{\"added\": {}}]"
    }
},
{
    "model": "admin.logentry",
    "pk": 67,
    "fields": {
        "action_time": "2023-05-01T09:45:19.847Z",
        "user": 1,
        "content_type": 11,
        "object_id": "14",
        "object_repr": "AGE CONTROL RENEWAL CREAM HOLY LAND",
        "action_flag": 1,
        "change_message": "[{\"added\": {}}]"
    }
},
{
    "model": "admin.logentry",
    "pk": 68,
    "fields": {
        "action_time": "2023-05-01T12:22:08.529Z",
        "user": 1,
        "content_type": 3,
        "object_id": "1",
        "object_repr": "manager",
        "action_flag": 1,
        "change_message": "[{\"added\": {}}]"
    }
},
{
    "model": "admin.logentry",
    "pk": 69,
    "fields": {
        "action_time": "2023-05-05T13:29:40.973Z",
        "user": 1,
        "content_type": 4,
        "object_id": "1",
        "object_repr": "mayor",
        "action_flag": 2,
        "change_message": "[{\"changed\": {\"fields\": [\"Groups\"]}}]"
    }
},
{
    "model": "admin.logentry",
    "pk": 70,
    "fields": {
        "action_time": "2023-05-05T13:30:12.254Z",
        "user": 1,
        "content_type": 4,
        "object_id": "2",
        "object_repr": "nata",
        "action_flag": 2,
        "change_message": "[{\"changed\": {\"fields\": [\"Groups\"]}}]"
    }
},
{
    "model": "admin.logentry",
    "pk": 71,
    "fields": {
        "action_time": "2023-05-05T13:55:45.517Z",
        "user": 1,
        "content_type": 4,
        "object_id": "3",
        "object_repr": "toto",
        "action_flag": 1,
        "change_message": "[{\"added\": {}}]"
    }
},
{
    "model": "admin.logentry",
    "pk": 72,
    "fields": {
        "action_time": "2023-05-06T09:17:18.967Z",
        "user": 1,
        "content_type": 9,
        "object_id": "6",
        "object_repr": "Для в'янучої шкіри",
        "action_flag": 2,
        "change_message": "[{\"changed\": {\"fields\": [\"Image\"]}}]"
    }
},
{
    "model": "admin.logentry",
    "pk": 73,
    "fields": {
        "action_time": "2023-05-06T09:19:21.426Z",
        "user": 1,
        "content_type": 9,
        "object_id": "6",
        "object_repr": "Для в'янучої шкіри",
        "action_flag": 2,
        "change_message": "[]"
    }
},
{
    "model": "admin.logentry",
    "pk": 74,
    "fields": {
        "action_time": "2023-05-06T09:25:20.521Z",
        "user": 1,
        "content_type": 11,
        "object_id": "3",
        "object_repr": "SUNBRELLA SPF 50 + Demi Make Up",
        "action_flag": 2,
        "change_message": "[{\"changed\": {\"fields\": [\"Image\"]}}]"
    }
},
{
    "model": "admin.logentry",
    "pk": 75,
    "fields": {
        "action_time": "2023-05-06T09:27:12.904Z",
        "user": 1,
        "content_type": 11,
        "object_id": "1",
        "object_repr": "SUNBRELLA Demi Make-­Up",
        "action_flag": 2,
        "change_message": "[{\"changed\": {\"fields\": [\"Image\"]}}]"
    }
},
{
    "model": "admin.logentry",
    "pk": 76,
    "fields": {
        "action_time": "2023-05-06T09:32:55.224Z",
        "user": 1,
        "content_type": 11,
        "object_id": "2",
        "object_repr": "SUNBRELLA SPF 30",
        "action_flag": 2,
        "change_message": "[{\"changed\": {\"fields\": [\"Image\"]}}]"
    }
},
{
    "model": "admin.logentry",
    "pk": 77,
    "fields": {
        "action_time": "2023-05-06T09:33:57.079Z",
        "user": 1,
        "content_type": 11,
        "object_id": "4",
        "object_repr": "SUNBRELLA SPF 50+ Very High Protection",
        "action_flag": 2,
        "change_message": "[{\"changed\": {\"fields\": [\"Image\"]}}]"
    }
},
{
    "model": "admin.logentry",
    "pk": 78,
    "fields": {
        "action_time": "2023-05-06T09:34:21.444Z",
        "user": 1,
        "content_type": 11,
        "object_id": "9",
        "object_repr": "Защитный крем-бальзам для губ Sesderma Hidraderm Lip Protector",
        "action_flag": 2,
        "change_message": "[{\"changed\": {\"fields\": [\"Popular\"]}}]"
    }
},
{
    "model": "admin.logentry",
    "pk": 79,
    "fields": {
        "action_time": "2023-05-06T09:34:21.459Z",
        "user": 1,
        "content_type": 11,
        "object_id": "10",
        "object_repr": "Крем для рук SeSDerma Hidraderm Hand Cream",
        "action_flag": 2,
        "change_message": "[{\"changed\": {\"fields\": [\"Popular\"]}}]"
    }
},
{
    "model": "admin.logentry",
    "pk": 80,
    "fields": {
        "action_time": "2023-05-06T19:52:22.880Z",
        "user": 1,
        "content_type": 12,
        "object_id": "2",
        "object_repr": "Замовлення 2",
        "action_flag": 2,
        "change_message": "[{\"changed\": {\"fields\": [\"Paid\"]}}]"
    }
},
{
    "model": "admin.logentry",
    "pk": 81,
    "fields": {
        "action_time": "2023-05-06T19:52:56.895Z",
        "user": 1,
        "content_type": 12,
        "object_id": "10",
        "object_repr": "Замовлення 10",
        "action_flag": 2,
        "change_message": "[{\"changed\": {\"fields\": [\"Paid\"]}}]"
    }
},
{
    "model": "admin.logentry",
    "pk": 82,
    "fields": {
        "action_time": "2023-05-08T14:39:40.954Z",
        "user": 1,
        "content_type": 9,
        "object_id": "4",
        "object_repr": "Для домашнього догляду",
        "action_flag": 2,
        "change_message": "[{\"changed\": {\"fields\": [\"Position\"]}}]"
    }
},
{
    "model": "admin.logentry",
    "pk": 83,
    "fields": {
        "action_time": "2023-05-08T14:40:37.477Z",
        "user": 1,
        "content_type": 9,
        "object_id": "4",
        "object_repr": "Для домашнього догляду",
        "action_flag": 2,
        "change_message": "[{\"changed\": {\"fields\": [\"Position\"]}}]"
    }
},
{
    "model": "admin.logentry",
    "pk": 84,
    "fields": {
        "action_time": "2023-05-08T14:40:49.402Z",
        "user": 1,
        "content_type": 9,
        "object_id": "1",
        "object_repr": "Для проблемної шкіри",
        "action_flag": 2,
        "change_message": "[{\"changed\": {\"fields\": [\"Position\"]}}]"
    }
},
{
    "model": "admin.logentry",
    "pk": 85,
    "fields": {
        "action_time": "2023-05-08T14:41:12.964Z",
        "user": 1,
        "content_type": 9,
        "object_id": "2",
        "object_repr": "Сонцезахисні",
        "action_flag": 2,
        "change_message": "[{\"changed\": {\"fields\": [\"Position\"]}}]"
    }
},
{
    "model": "admin.logentry",
    "pk": 86,
    "fields": {
        "action_time": "2023-05-08T14:41:31.640Z",
        "user": 1,
        "content_type": 9,
        "object_id": "6",
        "object_repr": "Для в'янучої шкіри",
        "action_flag": 2,
        "change_message": "[{\"changed\": {\"fields\": [\"Position\"]}}]"
    }
},
{
    "model": "admin.logentry",
    "pk": 87,
    "fields": {
        "action_time": "2023-05-08T14:41:42.551Z",
        "user": 1,
        "content_type": 9,
        "object_id": "5",
        "object_repr": "Зволожуючі",
        "action_flag": 2,
        "change_message": "[{\"changed\": {\"fields\": [\"Position\"]}}]"
    }
},
{
    "model": "admin.logentry",
    "pk": 88,
    "fields": {
        "action_time": "2023-05-12T19:40:00.207Z",
        "user": 1,
        "content_type": 9,
        "object_id": "6",
        "object_repr": "Ліфтінг",
        "action_flag": 2,
        "change_message": "[{\"changed\": {\"fields\": [\"\\u041a\\u0430\\u0442\\u0435\\u0433\\u043e\\u0440\\u0456\\u044f\", \"Url\"]}}]"
    }
},
{
    "model": "admin.logentry",
    "pk": 89,
    "fields": {
        "action_time": "2023-05-13T12:29:01.742Z",
        "user": 1,
        "content_type": 10,
        "object_id": "8",
        "object_repr": "Daeses",
        "action_flag": 1,
        "change_message": "[{\"added\": {}}]"
    }
},
{
    "model": "admin.logentry",
    "pk": 90,
    "fields": {
        "action_time": "2023-05-13T12:37:04.693Z",
        "user": 1,
        "content_type": 11,
        "object_id": "15",
        "object_repr": "Сироватка миттєвої дії - SeSDerma Daeses Immediate Lifting Effect Serum",
        "action_flag": 1,
        "change_message": "[{\"added\": {}}]"
    }
},
{
    "model": "admin.logentry",
    "pk": 91,
    "fields": {
        "action_time": "2023-05-13T14:32:32.786Z",
        "user": 1,
        "content_type": 10,
        "object_id": "9",
        "object_repr": "C-Vit",
        "action_flag": 1,
        "change_message": "[{\"added\": {}}]"
    }
},
{
    "model": "admin.logentry",
    "pk": 92,
    "fields": {
        "action_time": "2023-05-13T14:42:00.843Z",
        "user": 1,
        "content_type": 11,
        "object_id": "16",
        "object_repr": "Інтенсивна сироватка миттєвої краси - SeSDerma C-Vit Intensive Serum Flash Effect",
        "action_flag": 1,
        "change_message": "[{\"added\": {}}]"
    }
},
{
    "model": "admin.logentry",
    "pk": 93,
    "fields": {
        "action_time": "2023-05-13T14:59:50.927Z",
        "user": 1,
        "content_type": 10,
        "object_id": "10",
        "object_repr": "ACGLICOLIC 20",
        "action_flag": 1,
        "change_message": "[{\"added\": {}}]"
    }
},
{
    "model": "admin.logentry",
    "pk": 94,
    "fields": {
        "action_time": "2023-05-13T15:16:41.733Z",
        "user": 1,
        "content_type": 11,
        "object_id": "17",
        "object_repr": "Ампули з гліколевою кислотою - SesDerma ACGLICOLIC 20 Anti-Aging Moisturizing Ampoules",
        "action_flag": 1,
        "change_message": "[{\"added\": {}}]"
    }
},
{
    "model": "admin.logentry",
    "pk": 95,
    "fields": {
        "action_time": "2023-05-13T15:26:32.381Z",
        "user": 1,
        "content_type": 11,
        "object_id": "18",
        "object_repr": "Увлажняющий крем против морщин - SeSDerma C-Vit Moisturizing Face Cream",
        "action_flag": 1,
        "change_message": "[{\"added\": {}}]"
    }
},
{
    "model": "admin.logentry",
    "pk": 96,
    "fields": {
        "action_time": "2023-05-13T15:36:05.485Z",
        "user": 1,
        "content_type": 11,
        "object_id": "19",
        "object_repr": "Крем-контур вокруг глаз C-VIT sesderma",
        "action_flag": 1,
        "change_message": "[{\"added\": {}}]"
    }
},
{
    "model": "admin.logentry",
    "pk": 97,
    "fields": {
        "action_time": "2023-05-13T15:43:51.048Z",
        "user": 1,
        "content_type": 11,
        "object_id": "20",
        "object_repr": "Ліпосомальна сироватка з вітаміном - SeSDerma C-Vit Facial Liposomal Serum",
        "action_flag": 1,
        "change_message": "[{\"added\": {}}]"
    }
},
{
    "model": "admin.logentry",
    "pk": 98,
    "fields": {
        "action_time": "2023-05-16T19:55:01.031Z",
        "user": 1,
        "content_type": 11,
        "object_id": "21",
        "object_repr": "AZELAC RU SPF 50 Luminous Fluid",
        "action_flag": 1,
        "change_message": "[{\"added\": {}}]"
    }
},
{
    "model": "admin.logentry",
    "pk": 99,
    "fields": {
        "action_time": "2023-05-16T20:05:25.535Z",
        "user": 1,
        "content_type": 11,
        "object_id": "22",
        "object_repr": "C-VIT RADIANCE GLOWING FLUID",
        "action_flag": 1,
        "change_message": "[{\"added\": {}}]"
    }
},
{
    "model": "admin.logentry",
    "pk": 100,
    "fields": {
        "action_time": "2023-05-18T19:56:14.783Z",
        "user": 1,
        "content_type": 11,
        "object_id": "23",
        "object_repr": "SeSDerma Azelac Face Scalp and Body Lotion",
        "action_flag": 1,
        "change_message": "[{\"added\": {}}]"
    }
},
{
    "model": "admin.logentry",
    "pk": 101,
    "fields": {
        "action_time": "2023-05-18T20:07:10.372Z",
        "user": 1,
        "content_type": 11,
        "object_id": "24",
        "object_repr": "СИРОВАТКА СЕСДЕРМА AZELAC RU",
        "action_flag": 1,
        "change_message": "[{\"added\": {}}]"
    }
},
{
    "model": "admin.logentry",
    "pk": 102,
    "fields": {
        "action_time": "2023-05-20T13:47:34.148Z",
        "user": 1,
        "content_type": 11,
        "object_id": "25",
        "object_repr": "Ліпосомальна сироватка Sesderma SAMAY Anti-Aging Serum For Sensitive Skin",
        "action_flag": 1,
        "change_message": "[{\"added\": {}}]"
    }
},
{
    "model": "admin.logentry",
    "pk": 103,
    "fields": {
        "action_time": "2023-05-20T13:51:15.580Z",
        "user": 1,
        "content_type": 11,
        "object_id": "25",
        "object_repr": "Ліпосомальна сироватка Sesderma SAMAY Anti-Aging Serum For Sensitive Skin",
        "action_flag": 2,
        "change_message": "[{\"changed\": {\"fields\": [\"Image\"]}}]"
    }
},
{
    "model": "admin.logentry",
    "pk": 104,
    "fields": {
        "action_time": "2023-05-21T11:00:35.095Z",
        "user": 1,
        "content_type": 9,
        "object_id": "7",
        "object_repr": "Різнобічне призначення",
        "action_flag": 1,
        "change_message": "[{\"added\": {}}]"
    }
},
{
    "model": "admin.logentry",
    "pk": 105,
    "fields": {
        "action_time": "2023-05-21T11:02:21.077Z",
        "user": 1,
        "content_type": 10,
        "object_id": "11",
        "object_repr": "Самостійне",
        "action_flag": 1,
        "change_message": "[{\"added\": {}}]"
    }
},
{
    "model": "admin.logentry",
    "pk": 106,
    "fields": {
        "action_time": "2023-05-21T11:02:57.157Z",
        "user": 1,
        "content_type": 11,
        "object_id": "26",
        "object_repr": "Сонцезахисний крем для обличчя REPASKIN Silk Touch SPF 50",
        "action_flag": 1,
        "change_message": "[{\"added\": {}}]"
    }
},
{
    "model": "admin.logentry",
    "pk": 107,
    "fields": {
        "action_time": "2023-05-21T19:51:53.365Z",
        "user": 1,
        "content_type": 9,
        "object_id": "8",
        "object_repr": "Для тіла",
        "action_flag": 1,
        "change_message": "[{\"added\": {}}]"
    }
},
{
    "model": "admin.logentry",
    "pk": 108,
    "fields": {
        "action_time": "2023-05-21T19:55:49.779Z",
        "user": 1,
        "content_type": 9,
        "object_id": "8",
        "object_repr": "Для тіла",
        "action_flag": 2,
        "change_message": "[{\"changed\": {\"fields\": [\"Image\"]}}]"
    }
},
{
    "model": "admin.logentry",
    "pk": 109,
    "fields": {
        "action_time": "2023-05-21T19:57:10.138Z",
        "user": 1,
        "content_type": 9,
        "object_id": "7",
        "object_repr": "Різнобічне призначення",
        "action_flag": 2,
        "change_message": "[{\"changed\": {\"fields\": [\"Image\"]}}]"
    }
},
{
    "model": "admin.logentry",
    "pk": 110,
    "fields": {
        "action_time": "2023-05-22T10:21:28.905Z",
        "user": 1,
        "content_type": 8,
        "object_id": "4",
        "object_repr": "Всі",
        "action_flag": 2,
        "change_message": "[{\"changed\": {\"fields\": [\"Image\"]}}]"
    }
},
{
    "model": "admin.logentry",
    "pk": 111,
    "fields": {
        "action_time": "2023-05-22T10:37:39.528Z",
        "user": 1,
        "content_type": 9,
        "object_id": "3",
        "object_repr": "Лікувальні",
        "action_flag": 2,
        "change_message": "[{\"changed\": {\"fields\": [\"Image\"]}}]"
    }
},
{
    "model": "admin.logentry",
    "pk": 112,
    "fields": {
        "action_time": "2023-05-23T07:50:58.357Z",
        "user": 1,
        "content_type": 10,
        "object_id": "12",
        "object_repr": "Vitalise",
        "action_flag": 1,
        "change_message": "[{\"added\": {}}]"
    }
},
{
    "model": "admin.logentry",
    "pk": 113,
    "fields": {
        "action_time": "2023-05-23T07:55:23.910Z",
        "user": 1,
        "content_type": 11,
        "object_id": "27",
        "object_repr": "VITALISE Moisture Intense Serum",
        "action_flag": 1,
        "change_message": "[{\"added\": {}}]"
    }
},
{
    "model": "admin.logentry",
    "pk": 114,
    "fields": {
        "action_time": "2023-05-23T15:08:16.528Z",
        "user": 1,
        "content_type": 10,
        "object_id": "11",
        "object_repr": "Самостійне",
        "action_flag": 2,
        "change_message": "[{\"changed\": {\"fields\": [\"\\u041e\\u043f\\u0438\\u0441\", \"Image\"]}}]"
    }
},
{
    "model": "admin.logentry",
    "pk": 115,
    "fields": {
        "action_time": "2023-05-23T15:14:15.118Z",
        "user": 1,
        "content_type": 10,
        "object_id": "12",
        "object_repr": "Vitalise",
        "action_flag": 2,
        "change_message": "[{\"changed\": {\"fields\": [\"Image\"]}}]"
    }
},
{
    "model": "admin.logentry",
    "pk": 116,
    "fields": {
        "action_time": "2023-05-23T15:16:22.756Z",
        "user": 1,
        "content_type": 10,
        "object_id": "12",
        "object_repr": "Vitalise",
        "action_flag": 2,
        "change_message": "[{\"changed\": {\"fields\": [\"Image\"]}}]"
    }
},
{
    "model": "admin.logentry",
    "pk": 117,
    "fields": {
        "action_time": "2023-05-24T13:48:22.455Z",
        "user": 1,
        "content_type": 11,
        "object_id": "28",
        "object_repr": "Крем – гель для обличчя Sesderma Factor G Renew Rejuvenating Gel Cream 50 мл",
        "action_flag": 1,
        "change_message": "[{\"added\": {}}]"
    }
},
{
    "model": "admin.logentry",
    "pk": 118,
    "fields": {
        "action_time": "2023-05-24T14:07:55.189Z",
        "user": 1,
        "content_type": 10,
        "object_id": "13",
        "object_repr": "Factor G",
        "action_flag": 1,
        "change_message": "[{\"added\": {}}]"
    }
},
{
    "model": "admin.logentry",
    "pk": 119,
    "fields": {
        "action_time": "2023-05-24T14:14:24.278Z",
        "user": 1,
        "content_type": 11,
        "object_id": "29",
        "object_repr": "Крем-контур навколо очей та губ Sesderma Factor G Renew Eye Contour 15 мл",
        "action_flag": 1,
        "change_message": "[{\"added\": {}}]"
    }
},
{
    "model": "admin.logentry",
    "pk": 120,
    "fields": {
        "action_time": "2023-05-24T14:18:58.364Z",
        "user": 1,
        "content_type": 11,
        "object_id": "29",
        "object_repr": "Крем-контур навколо очей та губ Sesderma Factor G Renew Eye Contour 15 мл",
        "action_flag": 2,
        "change_message": "[{\"changed\": {\"fields\": [\"\\u0425\\u0430\\u0440\\u0430\\u043a\\u0442\\u0435\\u0440\\u0438\\u0441\\u0442\\u0438\\u043a\\u0438\"]}}]"
    }
},
{
    "model": "admin.logentry",
    "pk": 121,
    "fields": {
        "action_time": "2023-05-24T14:19:40.616Z",
        "user": 1,
        "content_type": 11,
        "object_id": "28",
        "object_repr": "Крем – гель для обличчя Sesderma Factor G Renew Rejuvenating Gel Cream 50 мл",
        "action_flag": 2,
        "change_message": "[{\"changed\": {\"fields\": [\"Line\"]}}]"
    }
},
{
    "model": "admin.logentry",
    "pk": 122,
    "fields": {
        "action_time": "2023-05-24T14:28:31.878Z",
        "user": 1,
        "content_type": 11,
        "object_id": "30",
        "object_repr": "Ліпосомальна сироватка Sesderma Factor G Renew Lipid Bubbles Serum 30 мл",
        "action_flag": 1,
        "change_message": "[{\"added\": {}}]"
    }
},
{
    "model": "admin.logentry",
    "pk": 123,
    "fields": {
        "action_time": "2023-05-24T14:37:03.589Z",
        "user": 1,
        "content_type": 11,
        "object_id": "31",
        "object_repr": "Azelac маска проти почервоніння",
        "action_flag": 1,
        "change_message": "[{\"added\": {}}]"
    }
},
{
    "model": "admin.logentry",
    "pk": 124,
    "fields": {
        "action_time": "2023-05-24T15:46:04.526Z",
        "user": 1,
        "content_type": 9,
        "object_id": "7",
        "object_repr": "Різнобічне призначення",
        "action_flag": 2,
        "change_message": "[{\"changed\": {\"fields\": [\"Image\"]}}]"
    }
},
{
    "model": "admin.logentry",
    "pk": 125,
    "fields": {
        "action_time": "2023-05-25T07:20:45.895Z",
        "user": 1,
        "content_type": 11,
        "object_id": "32",
        "object_repr": "Medi+Derma Anti-Aging Intensive Cream",
        "action_flag": 1,
        "change_message": "[{\"added\": {}}]"
    }
},
{
    "model": "admin.logentry",
    "pk": 126,
    "fields": {
        "action_time": "2023-05-25T07:30:01.111Z",
        "user": 1,
        "content_type": 11,
        "object_id": "33",
        "object_repr": "MEDIDerma Ultra Firming Body Milk",
        "action_flag": 1,
        "change_message": "[{\"added\": {}}]"
    }
},
{
    "model": "admin.logentry",
    "pk": 127,
    "fields": {
        "action_time": "2023-05-25T13:14:07.035Z",
        "user": 1,
        "content_type": 11,
        "object_id": "34",
        "object_repr": "SILKSES Skin moisturizing protector",
        "action_flag": 1,
        "change_message": "[{\"added\": {}}]"
    }
},
{
    "model": "admin.logentry",
    "pk": 128,
    "fields": {
        "action_time": "2023-05-26T17:39:14.854Z",
        "user": 1,
        "content_type": 11,
        "object_id": "35",
        "object_repr": "C-Vit Intensive Serum SesDerma",
        "action_flag": 1,
        "change_message": "[{\"added\": {}}]"
    }
},
{
    "model": "admin.logentry",
    "pk": 129,
    "fields": {
        "action_time": "2023-05-26T17:45:59.956Z",
        "user": 1,
        "content_type": 11,
        "object_id": "36",
        "object_repr": "Sesderma SALISES Dermatological bar",
        "action_flag": 1,
        "change_message": "[{\"added\": {}}]"
    }
},
{
    "model": "admin.logentry",
    "pk": 130,
    "fields": {
        "action_time": "2023-06-02T16:10:30.423Z",
        "user": 1,
        "content_type": 11,
        "object_id": "1",
        "object_repr": "SUNBRELLA Demi Make-­Up",
        "action_flag": 2,
        "change_message": "[{\"changed\": {\"fields\": [\"\\u0426\\u0456\\u043d\\u0430\"]}}]"
    }
},
{
    "model": "admin.logentry",
    "pk": 131,
    "fields": {
        "action_time": "2023-06-02T16:20:29.996Z",
        "user": 1,
        "content_type": 11,
        "object_id": "2",
        "object_repr": "SUNBRELLA SPF 30",
        "action_flag": 2,
        "change_message": "[{\"changed\": {\"fields\": [\"\\u0426\\u0456\\u043d\\u0430\"]}}]"
    }
},
{
    "model": "admin.logentry",
    "pk": 132,
    "fields": {
        "action_time": "2023-06-02T16:20:30.012Z",
        "user": 1,
        "content_type": 11,
        "object_id": "3",
        "object_repr": "SUNBRELLA SPF 50 + Demi Make Up",
        "action_flag": 2,
        "change_message": "[{\"changed\": {\"fields\": [\"\\u0426\\u0456\\u043d\\u0430\"]}}]"
    }
},
{
    "model": "admin.logentry",
    "pk": 133,
    "fields": {
        "action_time": "2023-06-02T16:20:30.027Z",
        "user": 1,
        "content_type": 11,
        "object_id": "4",
        "object_repr": "SUNBRELLA SPF 50+ Very High Protection",
        "action_flag": 2,
        "change_message": "[{\"changed\": {\"fields\": [\"\\u0426\\u0456\\u043d\\u0430\"]}}]"
    }
},
{
    "model": "admin.logentry",
    "pk": 134,
    "fields": {
        "action_time": "2023-06-07T18:23:13.895Z",
        "user": 1,
        "content_type": 4,
        "object_id": "2",
        "object_repr": "nata",
        "action_flag": 3,
        "change_message": ""
    }
},
{
    "model": "admin.logentry",
    "pk": 135,
    "fields": {
        "action_time": "2023-06-07T18:28:14.671Z",
        "user": 1,
        "content_type": 4,
        "object_id": "6",
        "object_repr": "nata",
        "action_flag": 1,
        "change_message": "[{\"added\": {}}]"
    }
},
{
    "model": "admin.logentry",
    "pk": 136,
    "fields": {
        "action_time": "2023-06-07T18:29:02.689Z",
        "user": 1,
        "content_type": 4,
        "object_id": "6",
        "object_repr": "nata",
        "action_flag": 2,
        "change_message": "[]"
    }
},
{
    "model": "admin.logentry",
    "pk": 137,
    "fields": {
        "action_time": "2023-06-07T18:31:29.987Z",
        "user": 1,
        "content_type": 4,
        "object_id": "6",
        "object_repr": "nata",
        "action_flag": 2,
        "change_message": "[{\"changed\": {\"fields\": [\"First name\", \"Last name\", \"Email address\", \"Staff status\", \"Groups\"]}}]"
    }
},
{
    "model": "admin.logentry",
    "pk": 138,
    "fields": {
        "action_time": "2023-06-17T13:25:38.102Z",
        "user": 6,
        "content_type": 11,
        "object_id": "37",
        "object_repr": "Sesderma Acnises Young Gel Cream 50 мл",
        "action_flag": 1,
        "change_message": "[{\"added\": {}}]"
    }
},
{
    "model": "admin.logentry",
    "pk": 139,
    "fields": {
        "action_time": "2023-06-17T13:35:46.371Z",
        "user": 6,
        "content_type": 10,
        "object_id": "14",
        "object_repr": "Fillderma",
        "action_flag": 1,
        "change_message": "[{\"added\": {}}]"
    }
},
{
    "model": "admin.logentry",
    "pk": 140,
    "fields": {
        "action_time": "2023-06-17T13:38:30.240Z",
        "user": 6,
        "content_type": 11,
        "object_id": "38",
        "object_repr": "Fillderma ONE нано-крем філер",
        "action_flag": 1,
        "change_message": "[{\"added\": {}}]"
    }
},
{
    "model": "admin.logentry",
    "pk": 141,
    "fields": {
        "action_time": "2023-06-17T13:46:16.745Z",
        "user": 6,
        "content_type": 11,
        "object_id": "39",
        "object_repr": "Mediderma Intensive Gel Sebum Regulator",
        "action_flag": 1,
        "change_message": "[{\"added\": {}}]"
    }
},
{
    "model": "admin.logentry",
    "pk": 142,
    "fields": {
        "action_time": "2023-06-29T18:14:48.538Z",
        "user": 6,
        "content_type": 11,
        "object_id": "2",
        "object_repr": "SUNBRELLA SPF 30",
        "action_flag": 2,
        "change_message": "[{\"changed\": {\"fields\": [\"\\u0426\\u0456\\u043d\\u0430\"]}}]"
    }
},
{
    "model": "admin.logentry",
    "pk": 143,
    "fields": {
        "action_time": "2023-06-29T18:17:00.694Z",
        "user": 6,
        "content_type": 11,
        "object_id": "3",
        "object_repr": "SUNBRELLA SPF 50 + Demi Make Up",
        "action_flag": 2,
        "change_message": "[{\"changed\": {\"fields\": [\"\\u0426\\u0456\\u043d\\u0430\"]}}]"
    }
},
{
    "model": "admin.logentry",
    "pk": 144,
    "fields": {
        "action_time": "2023-06-29T18:19:44.148Z",
        "user": 6,
        "content_type": 11,
        "object_id": "4",
        "object_repr": "SUNBRELLA SPF 50+ Very High Protection",
        "action_flag": 2,
        "change_message": "[{\"changed\": {\"fields\": [\"\\u0426\\u0456\\u043d\\u0430\"]}}]"
    }
},
{
    "model": "admin.logentry",
    "pk": 145,
    "fields": {
        "action_time": "2023-06-29T18:22:03.511Z",
        "user": 6,
        "content_type": 11,
        "object_id": "27",
        "object_repr": "VITALISE Moisture Intense Serum",
        "action_flag": 2,
        "change_message": "[{\"changed\": {\"fields\": [\"\\u0426\\u0456\\u043d\\u0430\"]}}]"
    }
},
{
    "model": "admin.logentry",
    "pk": 146,
    "fields": {
        "action_time": "2023-06-29T18:25:06.489Z",
        "user": 6,
        "content_type": 11,
        "object_id": "14",
        "object_repr": "AGE CONTROL RENEWAL CREAM HOLY LAND",
        "action_flag": 2,
        "change_message": "[{\"changed\": {\"fields\": [\"\\u0426\\u0456\\u043d\\u0430\"]}}]"
    }
},
{
    "model": "admin.logentry",
    "pk": 147,
    "fields": {
        "action_time": "2023-08-09T09:33:41.911Z",
        "user": 6,
        "content_type": 11,
        "object_id": "40",
        "object_repr": "Нічний крем для обличчя Sesderma Serenity Night Cream",
        "action_flag": 1,
        "change_message": "[{\"added\": {}}]"
    }
},
{
    "model": "admin.logentry",
    "pk": 148,
    "fields": {
        "action_time": "2023-08-09T09:49:12.330Z",
        "user": 6,
        "content_type": 11,
        "object_id": "41",
        "object_repr": "Ліпосомальна сироватка   30 мл",
        "action_flag": 1,
        "change_message": "[{\"added\": {}}]"
    }
},
{
    "model": "auth.permission",
    "pk": 1,
    "fields": {
        "name": "Can add log entry",
        "content_type": 1,
        "codename": "add_logentry"
    }
},
{
    "model": "auth.permission",
    "pk": 2,
    "fields": {
        "name": "Can change log entry",
        "content_type": 1,
        "codename": "change_logentry"
    }
},
{
    "model": "auth.permission",
    "pk": 3,
    "fields": {
        "name": "Can delete log entry",
        "content_type": 1,
        "codename": "delete_logentry"
    }
},
{
    "model": "auth.permission",
    "pk": 4,
    "fields": {
        "name": "Can view log entry",
        "content_type": 1,
        "codename": "view_logentry"
    }
},
{
    "model": "auth.permission",
    "pk": 5,
    "fields": {
        "name": "Can add permission",
        "content_type": 2,
        "codename": "add_permission"
    }
},
{
    "model": "auth.permission",
    "pk": 6,
    "fields": {
        "name": "Can change permission",
        "content_type": 2,
        "codename": "change_permission"
    }
},
{
    "model": "auth.permission",
    "pk": 7,
    "fields": {
        "name": "Can delete permission",
        "content_type": 2,
        "codename": "delete_permission"
    }
},
{
    "model": "auth.permission",
    "pk": 8,
    "fields": {
        "name": "Can view permission",
        "content_type": 2,
        "codename": "view_permission"
    }
},
{
    "model": "auth.permission",
    "pk": 9,
    "fields": {
        "name": "Can add group",
        "content_type": 3,
        "codename": "add_group"
    }
},
{
    "model": "auth.permission",
    "pk": 10,
    "fields": {
        "name": "Can change group",
        "content_type": 3,
        "codename": "change_group"
    }
},
{
    "model": "auth.permission",
    "pk": 11,
    "fields": {
        "name": "Can delete group",
        "content_type": 3,
        "codename": "delete_group"
    }
},
{
    "model": "auth.permission",
    "pk": 12,
    "fields": {
        "name": "Can view group",
        "content_type": 3,
        "codename": "view_group"
    }
},
{
    "model": "auth.permission",
    "pk": 13,
    "fields": {
        "name": "Can add user",
        "content_type": 4,
        "codename": "add_user"
    }
},
{
    "model": "auth.permission",
    "pk": 14,
    "fields": {
        "name": "Can change user",
        "content_type": 4,
        "codename": "change_user"
    }
},
{
    "model": "auth.permission",
    "pk": 15,
    "fields": {
        "name": "Can delete user",
        "content_type": 4,
        "codename": "delete_user"
    }
},
{
    "model": "auth.permission",
    "pk": 16,
    "fields": {
        "name": "Can view user",
        "content_type": 4,
        "codename": "view_user"
    }
},
{
    "model": "auth.permission",
    "pk": 17,
    "fields": {
        "name": "Can add content type",
        "content_type": 5,
        "codename": "add_contenttype"
    }
},
{
    "model": "auth.permission",
    "pk": 18,
    "fields": {
        "name": "Can change content type",
        "content_type": 5,
        "codename": "change_contenttype"
    }
},
{
    "model": "auth.permission",
    "pk": 19,
    "fields": {
        "name": "Can delete content type",
        "content_type": 5,
        "codename": "delete_contenttype"
    }
},
{
    "model": "auth.permission",
    "pk": 20,
    "fields": {
        "name": "Can view content type",
        "content_type": 5,
        "codename": "view_contenttype"
    }
},
{
    "model": "auth.permission",
    "pk": 21,
    "fields": {
        "name": "Can add session",
        "content_type": 6,
        "codename": "add_session"
    }
},
{
    "model": "auth.permission",
    "pk": 22,
    "fields": {
        "name": "Can change session",
        "content_type": 6,
        "codename": "change_session"
    }
},
{
    "model": "auth.permission",
    "pk": 23,
    "fields": {
        "name": "Can delete session",
        "content_type": 6,
        "codename": "delete_session"
    }
},
{
    "model": "auth.permission",
    "pk": 24,
    "fields": {
        "name": "Can view session",
        "content_type": 6,
        "codename": "view_session"
    }
},
{
    "model": "auth.permission",
    "pk": 25,
    "fields": {
        "name": "Can add letter",
        "content_type": 7,
        "codename": "add_letter"
    }
},
{
    "model": "auth.permission",
    "pk": 26,
    "fields": {
        "name": "Can change letter",
        "content_type": 7,
        "codename": "change_letter"
    }
},
{
    "model": "auth.permission",
    "pk": 27,
    "fields": {
        "name": "Can delete letter",
        "content_type": 7,
        "codename": "delete_letter"
    }
},
{
    "model": "auth.permission",
    "pk": 28,
    "fields": {
        "name": "Can view letter",
        "content_type": 7,
        "codename": "view_letter"
    }
},
{
    "model": "auth.permission",
    "pk": 29,
    "fields": {
        "name": "Can add brand",
        "content_type": 8,
        "codename": "add_brand"
    }
},
{
    "model": "auth.permission",
    "pk": 30,
    "fields": {
        "name": "Can change brand",
        "content_type": 8,
        "codename": "change_brand"
    }
},
{
    "model": "auth.permission",
    "pk": 31,
    "fields": {
        "name": "Can delete brand",
        "content_type": 8,
        "codename": "delete_brand"
    }
},
{
    "model": "auth.permission",
    "pk": 32,
    "fields": {
        "name": "Can view brand",
        "content_type": 8,
        "codename": "view_brand"
    }
},
{
    "model": "auth.permission",
    "pk": 33,
    "fields": {
        "name": "Can add category",
        "content_type": 9,
        "codename": "add_category"
    }
},
{
    "model": "auth.permission",
    "pk": 34,
    "fields": {
        "name": "Can change category",
        "content_type": 9,
        "codename": "change_category"
    }
},
{
    "model": "auth.permission",
    "pk": 35,
    "fields": {
        "name": "Can delete category",
        "content_type": 9,
        "codename": "delete_category"
    }
},
{
    "model": "auth.permission",
    "pk": 36,
    "fields": {
        "name": "Can view category",
        "content_type": 9,
        "codename": "view_category"
    }
},
{
    "model": "auth.permission",
    "pk": 37,
    "fields": {
        "name": "Can add line",
        "content_type": 10,
        "codename": "add_line"
    }
},
{
    "model": "auth.permission",
    "pk": 38,
    "fields": {
        "name": "Can change line",
        "content_type": 10,
        "codename": "change_line"
    }
},
{
    "model": "auth.permission",
    "pk": 39,
    "fields": {
        "name": "Can delete line",
        "content_type": 10,
        "codename": "delete_line"
    }
},
{
    "model": "auth.permission",
    "pk": 40,
    "fields": {
        "name": "Can view line",
        "content_type": 10,
        "codename": "view_line"
    }
},
{
    "model": "auth.permission",
    "pk": 41,
    "fields": {
        "name": "Can add product",
        "content_type": 11,
        "codename": "add_product"
    }
},
{
    "model": "auth.permission",
    "pk": 42,
    "fields": {
        "name": "Can change product",
        "content_type": 11,
        "codename": "change_product"
    }
},
{
    "model": "auth.permission",
    "pk": 43,
    "fields": {
        "name": "Can delete product",
        "content_type": 11,
        "codename": "delete_product"
    }
},
{
    "model": "auth.permission",
    "pk": 44,
    "fields": {
        "name": "Can view product",
        "content_type": 11,
        "codename": "view_product"
    }
},
{
    "model": "auth.permission",
    "pk": 45,
    "fields": {
        "name": "Can add order",
        "content_type": 12,
        "codename": "add_order"
    }
},
{
    "model": "auth.permission",
    "pk": 46,
    "fields": {
        "name": "Can change order",
        "content_type": 12,
        "codename": "change_order"
    }
},
{
    "model": "auth.permission",
    "pk": 47,
    "fields": {
        "name": "Can delete order",
        "content_type": 12,
        "codename": "delete_order"
    }
},
{
    "model": "auth.permission",
    "pk": 48,
    "fields": {
        "name": "Can view order",
        "content_type": 12,
        "codename": "view_order"
    }
},
{
    "model": "auth.permission",
    "pk": 49,
    "fields": {
        "name": "Can add order item",
        "content_type": 13,
        "codename": "add_orderitem"
    }
},
{
    "model": "auth.permission",
    "pk": 50,
    "fields": {
        "name": "Can change order item",
        "content_type": 13,
        "codename": "change_orderitem"
    }
},
{
    "model": "auth.permission",
    "pk": 51,
    "fields": {
        "name": "Can delete order item",
        "content_type": 13,
        "codename": "delete_orderitem"
    }
},
{
    "model": "auth.permission",
    "pk": 52,
    "fields": {
        "name": "Can view order item",
        "content_type": 13,
        "codename": "view_orderitem"
    }
},
{
    "model": "auth.permission",
    "pk": 53,
    "fields": {
        "name": "Can add source",
        "content_type": 14,
        "codename": "add_source"
    }
},
{
    "model": "auth.permission",
    "pk": 54,
    "fields": {
        "name": "Can change source",
        "content_type": 14,
        "codename": "change_source"
    }
},
{
    "model": "auth.permission",
    "pk": 55,
    "fields": {
        "name": "Can delete source",
        "content_type": 14,
        "codename": "delete_source"
    }
},
{
    "model": "auth.permission",
    "pk": 56,
    "fields": {
        "name": "Can view source",
        "content_type": 14,
        "codename": "view_source"
    }
},
{
    "model": "auth.permission",
    "pk": 57,
    "fields": {
        "name": "Can add thumbnail",
        "content_type": 15,
        "codename": "add_thumbnail"
    }
},
{
    "model": "auth.permission",
    "pk": 58,
    "fields": {
        "name": "Can change thumbnail",
        "content_type": 15,
        "codename": "change_thumbnail"
    }
},
{
    "model": "auth.permission",
    "pk": 59,
    "fields": {
        "name": "Can delete thumbnail",
        "content_type": 15,
        "codename": "delete_thumbnail"
    }
},
{
    "model": "auth.permission",
    "pk": 60,
    "fields": {
        "name": "Can view thumbnail",
        "content_type": 15,
        "codename": "view_thumbnail"
    }
},
{
    "model": "auth.permission",
    "pk": 61,
    "fields": {
        "name": "Can add thumbnail dimensions",
        "content_type": 16,
        "codename": "add_thumbnaildimensions"
    }
},
{
    "model": "auth.permission",
    "pk": 62,
    "fields": {
        "name": "Can change thumbnail dimensions",
        "content_type": 16,
        "codename": "change_thumbnaildimensions"
    }
},
{
    "model": "auth.permission",
    "pk": 63,
    "fields": {
        "name": "Can delete thumbnail dimensions",
        "content_type": 16,
        "codename": "delete_thumbnaildimensions"
    }
},
{
    "model": "auth.permission",
    "pk": 64,
    "fields": {
        "name": "Can view thumbnail dimensions",
        "content_type": 16,
        "codename": "view_thumbnaildimensions"
    }
},
{
    "model": "auth.group",
    "pk": 1,
    "fields": {
        "name": "manager",
        "permissions": [
            1,
            2,
            3,
            4,
            12,
            5,
            6,
            7,
            8,
            13,
            14,
            15,
            16,
            25,
            26,
            27,
            28,
            17,
            18,
            19,
            20,
            45,
            46,
            47,
            48,
            49,
            50,
            51,
            52,
            21,
            22,
            23,
            24,
            29,
            30,
            31,
            32,
            33,
            34,
            35,
            36,
            37,
            38,
            39,
            40,
            41,
            42,
            43,
            44
        ]
    }
},
{
    "model": "auth.user",
    "pk": 1,
    "fields": {
        "password": "pbkdf2_sha256$390000$vjzYgJgUnG0MAgLZMesaCV$f1O8Iwf+iMbyjGbanMi7viI3emXsRXd+pIMZ3ohtn3c=",
        "last_login": "2023-06-07T18:19:07.128Z",
        "is_superuser": true,
        "username": "mayor",
        "first_name": "",
        "last_name": "",
        "email": "mayor_v@ukr.net",
        "is_staff": true,
        "is_active": true,
        "date_joined": "2023-04-11T16:00:55Z",
        "groups": [
            1
        ],
        "user_permissions": []
    }
},
{
    "model": "auth.user",
    "pk": 3,
    "fields": {
        "password": "pbkdf2_sha256$390000$Y1LmLKS6vCVV1Y65Pce834$S9sCkmigwFckBfgvShS7JWiCgwrM/4Dbtvhu1tEyJpw=",
        "last_login": "2023-06-07T12:42:17.933Z",
        "is_superuser": false,
        "username": "toto",
        "first_name": "",
        "last_name": "",
        "email": "",
        "is_staff": false,
        "is_active": true,
        "date_joined": "2023-05-05T13:55:45.011Z",
        "groups": [],
        "user_permissions": []
    }
},
{
    "model": "auth.user",
    "pk": 4,
    "fields": {
        "password": "pbkdf2_sha256$390000$ABtRUQLDDiyhqz3qdTMDiN$f5ZSxFBDxNjruxAuceqifvJ6YLYImJLzjiM0HiUOe5A=",
        "last_login": "2023-06-07T13:10:00.009Z",
        "is_superuser": false,
        "username": "sinior",
        "first_name": "",
        "last_name": "",
        "email": "",
        "is_staff": false,
        "is_active": true,
        "date_joined": "2023-06-07T12:54:02.267Z",
        "groups": [],
        "user_permissions": []
    }
},
{
    "model": "auth.user",
    "pk": 5,
    "fields": {
        "password": "pbkdf2_sha256$390000$6CjLquKird39hjKI6TeIYy$XMT9B9G8+ObqO1jsgs6gRYcbSFzZViFvVjA2ufRY6Vo=",
        "last_login": "2023-06-07T13:41:07.608Z",
        "is_superuser": false,
        "username": "expat",
        "first_name": "",
        "last_name": "",
        "email": "",
        "is_staff": false,
        "is_active": true,
        "date_joined": "2023-06-07T13:13:42.481Z",
        "groups": [],
        "user_permissions": []
    }
},
{
    "model": "auth.user",
    "pk": 6,
    "fields": {
        "password": "pbkdf2_sha256$390000$7U0P5daOg4lKwJGQbhTdPv$01spvT3t40ZumAqCbDlgRmTGZR/W4ZtDHKZdkuBSt4U=",
        "last_login": "2023-08-09T09:20:14.191Z",
        "is_superuser": false,
        "username": "nata",
        "first_name": "Наташа",
        "last_name": "Майор",
        "email": "natashop.ukr@gmail.com",
        "is_staff": true,
        "is_active": true,
        "date_joined": "2023-06-07T18:28:14Z",
        "groups": [
            1
        ],
        "user_permissions": []
    }
},
{
    "model": "contenttypes.contenttype",
    "pk": 1,
    "fields": {
        "app_label": "admin",
        "model": "logentry"
    }
},
{
    "model": "contenttypes.contenttype",
    "pk": 2,
    "fields": {
        "app_label": "auth",
        "model": "permission"
    }
},
{
    "model": "contenttypes.contenttype",
    "pk": 3,
    "fields": {
        "app_label": "auth",
        "model": "group"
    }
},
{
    "model": "contenttypes.contenttype",
    "pk": 4,
    "fields": {
        "app_label": "auth",
        "model": "user"
    }
},
{
    "model": "contenttypes.contenttype",
    "pk": 5,
    "fields": {
        "app_label": "contenttypes",
        "model": "contenttype"
    }
},
{
    "model": "contenttypes.contenttype",
    "pk": 6,
    "fields": {
        "app_label": "sessions",
        "model": "session"
    }
},
{
    "model": "contenttypes.contenttype",
    "pk": 7,
    "fields": {
        "app_label": "contact",
        "model": "letter"
    }
},
{
    "model": "contenttypes.contenttype",
    "pk": 8,
    "fields": {
        "app_label": "shop",
        "model": "brand"
    }
},
{
    "model": "contenttypes.contenttype",
    "pk": 9,
    "fields": {
        "app_label": "shop",
        "model": "category"
    }
},
{
    "model": "contenttypes.contenttype",
    "pk": 10,
    "fields": {
        "app_label": "shop",
        "model": "line"
    }
},
{
    "model": "contenttypes.contenttype",
    "pk": 11,
    "fields": {
        "app_label": "shop",
        "model": "product"
    }
},
{
    "model": "contenttypes.contenttype",
    "pk": 12,
    "fields": {
        "app_label": "orders",
        "model": "order"
    }
},
{
    "model": "contenttypes.contenttype",
    "pk": 13,
    "fields": {
        "app_label": "orders",
        "model": "orderitem"
    }
},
{
    "model": "contenttypes.contenttype",
    "pk": 14,
    "fields": {
        "app_label": "easy_thumbnails",
        "model": "source"
    }
},
{
    "model": "contenttypes.contenttype",
    "pk": 15,
    "fields": {
        "app_label": "easy_thumbnails",
        "model": "thumbnail"
    }
},
{
    "model": "contenttypes.contenttype",
    "pk": 16,
    "fields": {
        "app_label": "easy_thumbnails",
        "model": "thumbnaildimensions"
    }
},
{
    "model": "sessions.session",
    "pk": "3lzj6eeuzjlsapvobiv0jh0a9pdrpiz1",
    "fields": {
        "session_data": ".eJxVjEEOgyAQRe8y64agg05x2X3PQAYYqm0DieLKePfWxI3b_977GwSeKwzbfgPHax3dusjspggD9HDZPIeP5APEN-dXUaHkOk9eHYo66aKeJcr3cbqXg5GX8V-TuSc0FEU6L430YpPWQsiIQoZ63aXou5RsG3yLpJN4QhsYo1hs2gb2Hz5nO5A:1q8y78:WX875UJwSyQZkf7g7mJqZPlG2-FJPCiD_zqdNwa4_Hk",
        "expire_date": "2023-06-27T07:06:50.041Z"
    }
},
{
    "model": "sessions.session",
    "pk": "5if4gsfrukukzwy4tomckbyvr6nfefc9",
    "fields": {
        "session_data": ".eJxVjEEOgyAQRe8y64agg05x2X3PQAYYqm0DieLKePfWxI3b_977GwSeKwzbfgPHax3dusjspggD9HDZPIeP5APEN-dXUaHkOk9eHYo66aKeJcr3cbqXg5GX8V-TuSc0FEU6L430YpPWQsiIQoZ63aXou5RsG3yLpJN4QhsYo1hs2gb2Hz5nO5A:1qTfpw:-kW4Ubv4kQAXK4t2jo5Z_kbJ5g7OFg4ZTe1SvH7p5PE",
        "expire_date": "2023-08-23T09:50:40.140Z"
    }
},
{
    "model": "sessions.session",
    "pk": "fuw5e3vkmt9qbt24asjz7cqqmkttl7ei",
    "fields": {
        "session_data": ".eJx1zD0SgjAQBeC7bO1kEpYkQmnvGZj8bCTqgIZQOAx3l4w0FDZb7PveW8CZlKFdAFW579kMOeYPtOIErxQdQQtKcsY5rCeo_iPBxU9trDNz7rt5otRFXwbg8LPGPWgogb-b4TYyNw45RcsKYXs6sevo6XnZ7WGgN1O_tXV9DlhrTyQtCVLUBM5Jo0EkXWvFZfBWhtBUzlaoeSCrsXEGPTUoKgHrFzP5UFA:1qE2s4:hR9J_EMqcQ5-5sCBQ9QjwL6vblah6jxP8Jm6-K2K59k",
        "expire_date": "2023-07-11T07:12:16.579Z"
    }
},
{
    "model": "sessions.session",
    "pk": "lb6ggujz4bzzlrvkalafx73pi48zpggf",
    "fields": {
        "session_data": ".eJxVjDsOgzAQBe-ydWTZ-Atl-pzB2vUnkEQg2aZC3D0g0dDOzHsbBCwNhm1_gMe1jX6tqfgpwgACbowwfNN8ivjB-b2wsMytTMTOhF22stcS0-95tbeDEet4rLXmUSUXtVTWdU4YMiZ3gg6SbUChcraSUKakkUuF1iL1sedaKCWJetj_GjE68Q:1puuxg:GJLq33Xy5E7fpI3S7_GEY2ZTwJX8l1rpHOdM9OP1n_s",
        "expire_date": "2023-05-19T12:55:00.460Z"
    }
},
{
    "model": "sessions.session",
    "pk": "ps2lzu9do730odyv4q9847xwbjdjcl03",
    "fields": {
        "session_data": "eyJjYXJ0Ijp7fX0:1q5SoK:9mKL5hJdlvz7Q_h3PnJ-q1yGgakmo3wQjS1SI0kcTuQ",
        "expire_date": "2023-06-17T15:04:56.781Z"
    }
},
{
    "model": "contact.letter",
    "pk": 1,
    "fields": {
        "first_name": "Сірожа",
        "last_name": "Нілін",
        "email": "dd@ddd.ddd",
        "subject": "Як зв'язатися",
        "message": "Можно Новою поштою",
        "created": "2023-05-01T13:13:24.776Z"
    }
},
{
    "model": "contact.letter",
    "pk": 2,
    "fields": {
        "first_name": "Діма",
        "last_name": "Фролов",
        "email": "dd@ddd.ddd",
        "subject": "Подяка",
        "message": "Мати з Вами справу - велике задоволення!",
        "created": "2023-05-01T13:54:21.108Z"
    }
},
{
    "model": "contact.letter",
    "pk": 3,
    "fields": {
        "first_name": "Саша",
        "last_name": "Пендель",
        "email": "sss@i.net",
        "subject": "yjrukyr",
        "message": "wyv46uj7k8k",
        "created": "2023-05-07T18:54:34.162Z"
    }
},
{
    "model": "shop.brand",
    "pk": 1,
    "fields": {
        "name": "Holy Land",
        "slug": "holy-land",
        "description": "Holy Land Израиль является израильским производителем косметики высокого качества, которая бережно ухаживает за кожей и обладает лечебными свойствами.  Те, кто бережно относится к своему внешнему виду, понимает, что секрет красивой привлекательной кожи за",
        "image": "brands/2023/04/14/Holy330_290.png",
        "available": true
    }
},
{
    "model": "shop.brand",
    "pk": 2,
    "fields": {
        "name": "sesderma",
        "slug": "sesderma",
        "description": "Оживляє навіть мерців",
        "image": "brands/2023/04/14/sesderma390.jpg",
        "available": true
    }
},
{
    "model": "shop.brand",
    "pk": 3,
    "fields": {
        "name": "medi+derma",
        "slug": "mediderma",
        "description": "Ok",
        "image": "brands/2023/04/14/mediderma390_260.jpg",
        "available": true
    }
},
{
    "model": "shop.brand",
    "pk": 4,
    "fields": {
        "name": "Всі",
        "slug": "vsi",
        "description": "Всі це роблять",
        "image": "brands/2023/05/22/allcosm3.jpg",
        "available": true
    }
},
{
    "model": "shop.category",
    "pk": 1,
    "fields": {
        "name": "Для проблемної шкіри",
        "slug": "dlya-problemnoyi-shkiri",
        "position": 2,
        "brand": 4,
        "description": "Проблем більше не буде",
        "image": "categories/2023/04/28/problem.jpg",
        "available": true
    }
},
{
    "model": "shop.category",
    "pk": 2,
    "fields": {
        "name": "Сонцезахисні",
        "slug": "soncezahisni",
        "position": 4,
        "brand": 4,
        "description": "Розроблені для захисту від сонця та для профілактики сонячних опіків і фотостаріння",
        "image": "categories/2023/04/28/sunnyprotect.jpg",
        "available": true
    }
},
{
    "model": "shop.category",
    "pk": 3,
    "fields": {
        "name": "Лікувальні",
        "slug": "likuvalni",
        "position": 3,
        "brand": 4,
        "description": "Для лікування і профілактики",
        "image": "categories/2023/05/22/likuvalna2.jpg",
        "available": true
    }
},
{
    "model": "shop.category",
    "pk": 4,
    "fields": {
        "name": "Для домашнього догляду",
        "slug": "dlya-domashnogo-doglyadu",
        "position": 1,
        "brand": 4,
        "description": "Дома завжди краще",
        "image": "categories/2023/04/28/dom3.jpg",
        "available": true
    }
},
{
    "model": "shop.category",
    "pk": 5,
    "fields": {
        "name": "Зволожуючі",
        "slug": "zvolozhuvalni",
        "position": 6,
        "brand": 4,
        "description": "Для зволоження шкіри",
        "image": "categories/2023/04/28/zvologu2.jpg",
        "available": true
    }
},
{
    "model": "shop.category",
    "pk": 6,
    "fields": {
        "name": "Ліфтінг",
        "slug": "lifting",
        "position": 5,
        "brand": 4,
        "description": "Для профілактики передчасного в'янення шкіри",
        "image": "categories/2023/05/06/oldskin.jpg",
        "available": true
    }
},
{
    "model": "shop.category",
    "pk": 7,
    "fields": {
        "name": "Різнобічне призначення",
        "slug": "riznobichne-priznachennya",
        "position": 8,
        "brand": 4,
        "description": "Може все!",
        "image": "categories/2023/05/24/tilo.jpg",
        "available": true
    }
},
{
    "model": "shop.category",
    "pk": 8,
    "fields": {
        "name": "Для тіла",
        "slug": "dlya-tila",
        "position": 1,
        "brand": 4,
        "description": "Для тіла",
        "image": "categories/2023/05/21/-stock-photo-beautiful-female-body.jpg",
        "available": true
    }
},
{
    "model": "shop.line",
    "pk": 1,
    "fields": {
        "name": "A-NOX",
        "slug": "a-nox",
        "brand": 1,
        "cat": 1,
        "description": "Лінія ACNOX є ексклюзивною лінією препаратів для професійного використання, довела свою високу ефективність у випадках середньо-тяжкого та тяжкого перебігу вугрової хвороби. Препарати лінії володіють вираженим дезинфікуючу, протизапальну, себостатичну дію",
        "image": "lines/2023/04/27/anoxline.jpg",
        "available": true
    }
},
{
    "model": "shop.line",
    "pk": 2,
    "fields": {
        "name": "SUNBRELLA",
        "slug": "sunbrella",
        "brand": 1,
        "cat": 2,
        "description": "Лінія SUNBRELLA включає засоби захисту від сонця, в яких поєднуються зволожуючий крем і демісакія. Лінія підходить для щоденного використання для захисту шкіри від променів UVA і UVB.",
        "image": "lines/2023/04/28/sunbrella.jpg",
        "available": true
    }
},
{
    "model": "shop.line",
    "pk": 3,
    "fields": {
        "name": "DOUBLE ACTION",
        "slug": "double-action",
        "brand": 1,
        "cat": 3,
        "description": "Лінія для жирної та себорейної шкіри",
        "image": "lines/2023/04/27/DOUBLE_ACTION.jpg",
        "available": true
    }
},
{
    "model": "shop.line",
    "pk": 4,
    "fields": {
        "name": "C the SUCCES",
        "slug": "c-the-succes",
        "brand": 1,
        "cat": 3,
        "description": "Лінія високоактивних препаратів, що містять найвищу концентрацію стійких форм вітаміну С (L-аскорбінова кислота, аскорбіл фосфат магнію, аскорбіл пальмітат), а також цінні зволожуючі, живильні і регенеруючі компоненти природного походження.",
        "image": "lines/2023/04/27/cthesuccess.jpg",
        "available": true
    }
},
{
    "model": "shop.line",
    "pk": 5,
    "fields": {
        "name": "AGE CONTROL",
        "slug": "age-controle",
        "brand": 1,
        "cat": 3,
        "description": "Лінійка Holy Land Age Control створена для відновлення шкіри, що в’яне. Засоби з лінійки розгладжують існуючі зморшки та перешкоджають появі нових. Прибирають сухість і лущення, борються з в’ялістю й підтягують овал обличчя. Засоби з цієї та інших лінійок",
        "image": "lines/2023/04/27/agecontrol3.jpg",
        "available": true
    }
},
{
    "model": "shop.line",
    "pk": 6,
    "fields": {
        "name": "Azelac",
        "slug": "azelac",
        "brand": 2,
        "cat": 1,
        "description": "Sesderma Azelac – Линия на основе азелаиновой кислоты для чувствительной и раздраженной кожи, склонной к куперозу, розацеа и другим покраснениям.",
        "image": "lines/2023/04/27/aselac1.jpg",
        "available": true
    }
},
{
    "model": "shop.line",
    "pk": 7,
    "fields": {
        "name": "Hidraderm",
        "slug": "hidraderm",
        "brand": 2,
        "cat": 5,
        "description": "Лінія HIDRADERM на основі вівса та інших натуральних рослинних інгредієнтів забезпечує ідеальне зволоження шкірних покривів, зволожує та знімає подразнення. Підходить для будь-якого типу шкіри, особливо чутливої.",
        "image": "lines/2023/04/28/hidraderm.jpg",
        "available": true
    }
},
{
    "model": "shop.line",
    "pk": 8,
    "fields": {
        "name": "Daeses",
        "slug": "daeses",
        "brand": 2,
        "cat": 6,
        "description": "Средства линии DAESES на основе революционного компонента ДМАЭ (диметилэтаноламина) – вытяжке из морепродуктов – оказывают на кожу немедленный лифтинг-эффект.",
        "image": "lines/2023/05/13/Daeses.jpg",
        "available": true
    }
},
{
    "model": "shop.line",
    "pk": 9,
    "fields": {
        "name": "C-Vit",
        "slug": "c-vit",
        "brand": 2,
        "cat": 5,
        "description": "ТОПова антиоксидантна лінія компанії на основі стабілізованого вітаміну С, що має потрійний ефект: антиоксидантний – нейтралізує вільні радикали, надає шкірі сяйва, вирівнює її тон і освітлює плями, зменшує зморшки.",
        "image": "lines/2023/05/13/SesDermaC_vit.jpg",
        "available": true
    }
},
{
    "model": "shop.line",
    "pk": 10,
    "fields": {
        "name": "ACGLICOLIC 20",
        "slug": "acglicolic-20",
        "brand": 2,
        "cat": 5,
        "description": "Відновлює шкіру після пілінгів",
        "image": "lines/2023/05/13/acglicolic20.jpg",
        "available": true
    }
},
{
    "model": "shop.line",
    "pk": 11,
    "fields": {
        "name": "Самостійне",
        "slug": "samostijne",
        "brand": 4,
        "cat": 7,
        "description": "Все сама",
        "image": "lines/2023/05/23/vperte.jpg",
        "available": true
    }
},
{
    "model": "shop.line",
    "pk": 12,
    "fields": {
        "name": "Vitalise",
        "slug": "vitalise",
        "brand": 1,
        "cat": 5,
        "description": "Дуже помічне",
        "image": "lines/2023/05/23/vitalayzline.jpg",
        "available": true
    }
},
{
    "model": "shop.line",
    "pk": 13,
    "fields": {
        "name": "Factor G",
        "slug": "factor-g",
        "brand": 2,
        "cat": 7,
        "description": "Засіб на основі рослинних факторів росту",
        "image": "lines/2023/05/24/factorg-pag-2_1-423x258-1.jpg",
        "available": true
    }
},
{
    "model": "shop.line",
    "pk": 14,
    "fields": {
        "name": "Fillderma",
        "slug": "fillderma",
        "brand": 2,
        "cat": 4,
        "description": "FILLDERMA- антивікова лінія для заповнення зморшок",
        "image": "",
        "available": true
    }
},
{
    "model": "shop.product",
    "pk": 1,
    "fields": {
        "name": "SUNBRELLA Demi Make-­Up",
        "slug": "sunbrella-demi-make-up",
        "brnd": 1,
        "line": 2,
        "cat": 2,
        "description": "Сонцезахисний крем з тонуючим ефектом і сонцезахисним фактором SPF 30. Містить хімічний фільтр широкого спектру дії в поєднанні з механічними відбиваючими частками (UVA + UVB + механічний фільтр).",
        "ingredients": "Вітамін C Вітамін E Діоксид титану Екстракт гінкго білоба Екстракт зеленого чаю Етілгексілметоксіціннамат",
        "image": "products/2023/05/06/sunbrella_30_dark.jpg",
        "properties": "Сонцезахисний крем з тонуючим ефектом і сонцезахисним фактором SPF 30. Містить хімічний фільтр широкого спектру дії в поєднанні з механічними відбиваючими частками (UVA + UVB + механічний фільтр).\r\n\r\nВказівки щодо застосування: Наносити крем на шкіру обличчя та відкритих ділянок тулуба за 20 хв. до виходу на двір, додатково наносити кожні 4 години при інтенсивному потінні, після купання.\r\n\r\nМоже поскубувати деякий час після нанесення.\r\n\r\nАктивні інгредієнти:\r\nВітамін C Вітамін E Діоксид титану Екстракт гінкго білоба Екстракт зеленого чаю Етілгексілметоксіціннамат",
        "price": "900.00",
        "popular": false,
        "available": true,
        "created": "2023-04-12T19:35:26.177Z",
        "updated": "2023-06-02T16:10:30.413Z"
    }
},
{
    "model": "shop.product",
    "pk": 2,
    "fields": {
        "name": "SUNBRELLA SPF 30",
        "slug": "sunbrella-spf-30",
        "brnd": 1,
        "line": 2,
        "cat": 2,
        "description": "Сонцезахисний крем з фактором захисту SPF 30. Хімічний фільтр широкого спектру дії поглинає як UVA, так і UVB промені, а видиму частину спектра нейтралізують відбиваючі елементи.",
        "ingredients": "Вітамін C Вітамін E Діоксид титану Екстракт гінкго білоба Екстракт зеленого чаю Етілгексілметоксіціннамат",
        "image": "products/2023/05/06/suntogo30.jpg",
        "properties": "Сонцезахисний крем з фактором захисту SPF 30. Хімічний фільтр широкого спектру дії поглинає як UVA, так і UVB промені, а видиму частину спектра нейтралізують відбиваючі елементи.\r\n\r\nВказівки щодо застосування: у сонячні дні наносити крем на шкіру обличчя та відкритих ділянок тіла за 20 хв. до виходу на вулицю, додатково наносити при тривалому перебуванні на сонці кожні 4 години, а також після купання, при інтенсивному потінні. Може поскубувати деякий час після нанесення.\r\n\r\nПримітка: Після купання може залишати білуватий наліт на шкірі.\r\n\r\nАктивні інгредієнти:\r\nВітамін C Вітамін E Діоксид титану Екстракт гінкго білоба Екстракт зеленого чаю Етілгексілметоксіціннамат",
        "price": "1020.00",
        "popular": true,
        "available": true,
        "created": "2023-04-12T19:40:05.673Z",
        "updated": "2023-06-29T18:14:48.524Z"
    }
},
{
    "model": "shop.product",
    "pk": 3,
    "fields": {
        "name": "SUNBRELLA SPF 50 + Demi Make Up",
        "slug": "sunbrella-spf-50-demi-make-up",
        "brnd": 1,
        "line": 2,
        "cat": 2,
        "description": "Легкий нежирний сонцезахисний крем з тоном SPF 50+ забезпечує захист від солнца. Легко випитується в шкіру, робить її м’якою і підтягнутою. Містіть хімічний фільтр широкого спектру дії в поєднанні з механічними відражаючими частинками.",
        "ingredients": "Вітамін E Діоксид титану Оксид цинку",
        "image": "products/2023/05/06/sunbrellademimakdark.jpg",
        "properties": "Легкий нежирний сонцезахисний крем з тоном SPF 50+ забезпечує захист від солнца. Легко випитується в шкіру, робить її м’якою і підтягнутою. Містіть хімічний фільтр широкого спектру дії в поєднанні з механічними відражаючими частинками.\r\n\r\nВказівки щодо застосування: У сонячні дні наносити крем на шкіру обличчя та відкритих ділянок тіла за 20 хв. до виходу на вулицю, додатково наносити при тривалому перебування на сонці кожні 2 години, а також після купання, при інтенсивному потіння.\r\n\r\nМоже поскубувати деякий час після нанесення.\r\n\r\nАктивні інгредієнти:\r\nВітамін E Діоксид титану Оксид цинку",
        "price": "1260.00",
        "popular": false,
        "available": true,
        "created": "2023-04-12T19:44:34.584Z",
        "updated": "2023-06-29T18:17:00.685Z"
    }
},
{
    "model": "shop.product",
    "pk": 4,
    "fields": {
        "name": "SUNBRELLA SPF 50+ Very High Protection",
        "slug": "sunbrella-spf-50-very-high-protection",
        "brnd": 1,
        "line": 2,
        "cat": 2,
        "description": "Сонцезахисний крем з фактором захисту SPF 50+. Має унікальну легку нежирну текстуру, швидко вбирається в шкіру і забезпечує надійний захист від сонця. Містить хімічний фільтр широкого спектра дії.",
        "ingredients": "Вітамін E",
        "image": "products/2023/05/06/suntogo50.jpg",
        "properties": "Сонцезахисний крем з фактором захисту SPF 50+. Має унікальну легку нежирну текстуру, швидко вбирається в шкіру і забезпечує надійний захист від сонця. Містить хімічний фільтр широкого спектра дії.\r\n\r\nВказівки щодо застосування: У сонячні дні наносити крем на шкіру обличчя та відкритих ділянок тіла за 20 хв. до виходу на вулицю, додатково наносити при тривалому перебування на сонці кожні 2 години, а також після купання, при інтенсивному потінні.\r\n\r\nМоже поскубувати деякий час після нанесення.\r\n\r\nАктивні інгредієнти:\r\nВітамін E",
        "price": "1260.00",
        "popular": false,
        "available": true,
        "created": "2023-04-12T19:47:41.950Z",
        "updated": "2023-06-29T18:19:44.142Z"
    }
},
{
    "model": "shop.product",
    "pk": 5,
    "fields": {
        "name": "Зволожуючий гель SeSDerma Azelac Moisturizing Facial Gel",
        "slug": "zvolozhuyuchij-gel-sesderma-azelac-moisturizing-facial-gel",
        "brnd": 2,
        "line": 6,
        "cat": 1,
        "description": "Для тих, хто шукає ефективний засіб для лікування розацеа,куперозу та акне",
        "ingredients": "Ліпосомальний екстракт розторопші молочної азелаїнової кислоти. Пантенол ліпосомальна нікотинова кислота. Гіалуронова кислота цетилпіридинію хлорид, фітосфінгозин, транексамова кислота і азелогіцин.",
        "image": "products/2023/04/22/azelac14-2.jpg",
        "properties": "Для тих, хто шукає ефективний засіб для лікування розацеа,куперозу та акне. Сьогодні ми хочемо розповісти вам про Sesderma Azelac Moisturizing Gel – інноваційний зволожувальний гель, який призначений для жирної, комбінованої та проблемної шкіри.\r\n\r\nЗавдяки унікальній технології нанесення активних компонентів, яка базується на використанні наноліпосом, цей гель забезпечує максимальну ефективність проникнення гіалуронової та азелаїнової кислот в глибокі шари епідермісу. Такий підхід дозволяє досягнути видимого результату за найкоротший час – лікувальний ефект помітний уже на 7 день використання.\r\n\r\nSesderma Azelac Moisturizing Gel допоможе вирішити такі проблеми шкіри, як купероз, розацеа, мелазма та всі форми акне. Це можливо завдяки унікальному складу засобу, який включає в себе космецевтичні компоненти з доведеною ефективністю, такі як олія зародків пшениці, пантенол, екстракт мануки, ретинол та інші.\r\n\r\nТакож слід зазначити, що гель Sesderma Azelac Moisturizing Gel не тільки збалансовує мікробіом та зміцнює захисний бар’єр, але й захищає шкіру від впливу навколишніх подразників. Його ультралегка текстура швидко поглинається і дарує шкірі комфорт, м’якість та рівний тон.\r\n\r\nЗа рахунок азелаїнової кислоти вирівнюється тон шкіри та відлущується зайвий епідерміс, запобігаючи прояву акне. Олія зародків пшениці відновлює ліпідний шар шкіри, що запобігає зневодненню, висипанню та пошкодженню. Пантенол і екстракт мануки мають загоювальну дію. Гіалуронова кислота заповнює нестачу вологи в шкірі, роблячи її еластичною. Ретинол та екстракт розторопші стимулюють вироблення колагену та оновлення шкіри.\r\nПантенол – поглинається шкірою і перетворюється на вітамін В5, який зволожує, заспокоює, відновлює та пожвавлює шкіру.\r\nТранексамова кислота в свою чергу бережно освітлює, при цьому не травмуючи та не підвищує чутливість шкіри до сонця і доведено працює.\r\nФітосфінгозин завдяки поєднання в своєму складі церамідів має здатність повністю інтегруватися в епідерміс і ефективно підвищує захисні, бар’єрні функції шкіри, зменшує трансепідермальну втрату вологи, стимулює вироблення власних церамідів (анти-ейдж вплив).\r\n\r\nЯкщо ви хочете мати здорову, зволожену та красиву шкіру, то гель Sesderma Azelac Moisturizing Gel стане відмінним вибором для вас. Не зволікайте і замовляйте\r\n\r\nСпосіб застосування:\r\nНанесіть необхідну кількість Sesderma Azelac Moisturizing гель\r\n1-2 рази на день на чисту шкіру обличчя поверх активного догляду – наприклад, сироватки Liposomal Serum з лінії Azelac. Розподіліть рухами, дочекайтеся повного всотання.\r\n\r\nАктивні компоненти:\r\n\r\nЛіпосомальний екстракт розторопші молочної азелаїнової кислоти. Пантенол ліпосомальна нікотинова кислота. Гіалуронова кислота цетилпіридинію хлорид, фітосфінгозин, транексамова кислота і азелогіцин.",
        "price": "1300.00",
        "popular": false,
        "available": true,
        "created": "2023-04-14T07:05:21.337Z",
        "updated": "2023-04-22T12:51:06.223Z"
    }
},
{
    "model": "shop.product",
    "pk": 6,
    "fields": {
        "name": "Лосьон для лица и тела SeSDerma Azelac Face Scalp and Body Lotion",
        "slug": "loson-dlya-lica-i-tela-sesderma-azelac-face-scalp-and-body-lotion",
        "brnd": 2,
        "line": 6,
        "cat": 1,
        "description": "Вік: 18+ Призначення: лікування проблем шкіри, акне, розацеа Час застосування: денний, нічний Стать: для жінок та чоловіків Класифікація: професійна дерматокосметика Тип шкіри: жирна, комбінована Країна ТМ: Іспанія Зроблено в: Іспанія",
        "ingredients": "Активні компоненти:  Азелаїнова кислота, Саліцилова кислота.",
        "image": "products/2023/04/22/azelac13.jpg",
        "properties": "Лосьйон для м’якого відлущування та глибокого очищення ділянок з акне, жирної чи проблемної шкіри. Цей засіб допоможе ефективно регулювати надмірне виділення шкірного сала, впорається з чорними цятками та ознаками розацеа. Заспокоює, зменшує почервоніння та має антиоксидантну дію.\r\nАзелаїнова кислота м’яко відлущує шкіру, не викликаючи подразнення або запалення, освітлює пігментацію, спричинену акне. Зменшує запальні процеси при розацеа та вирівнює тон шкіри. Саліцилова кислота пригнічує бактеріальну активність на поверхні шкіри, розчиняє себум у забитих порах, полегшує загоєння акне та запобігає появі нових запальних процесів.\r\nЛосьйон для обличчя є частиною серії Azelac і ми рекомендуємо використовувати його в комплексі з іншими засобами серії. Також ви можете комбінувати лосьйон із засобами з інших лінійок SESDERMA, для того щоб підібрати максимально відповідний вашій шкірі догляд.\r\n\r\nСпосіб застосування:\r\nРозпиліть лосьйон Azelac Facе Lotion на ділянки шкіри, що потребують обробки, якщо немає активних запальних процесів — помасажуйте або дайте повністю поглинутись. Поверх нанесіть зволожувальний крем або сонцезахисний засіб із SPF не менше 15 з лінійки Repaskin.\r\n\r\nАктивні компоненти:\r\n\r\nАзелаїнова кислота, Саліцилова кислота.",
        "price": "924.00",
        "popular": false,
        "available": true,
        "created": "2023-04-14T07:11:18.674Z",
        "updated": "2023-04-22T12:52:33.334Z"
    }
},
{
    "model": "shop.product",
    "pk": 7,
    "fields": {
        "name": "Увлажняющий крем для лица SeSDerma Azelac Moisturizing Facial Cream",
        "slug": "uvlazhnyayushij-krem-dlya-lica-sesderma-azelac-moisturizing-facial-cream",
        "brnd": 2,
        "line": 6,
        "cat": 1,
        "description": "Призначення: всі форми акне, купероз, розацеа, мелазма, пігментні плями Час застосування: денний, нічний Стать: для жінок та чоловіків Класифікація: професійна дерматокосметика Тип шкіри: жирна, комбінована Країна ТМ: Іспанія Зробленo в: Іспанія",
        "ingredients": "Азелогліцин 10% · Екстракт розторопші · Ліпосомальна азелаїнова кислота · Ліпосомальна нікотинова кислота · Пантенол · Гіалуронова кислота · Транексамова кислота · Цетилпіридинію хлорид · Фітосфінгозинові ліпосоми.",
        "image": "products/2023/04/22/aselac27-1.jpg",
        "properties": "Зволожуючий крем ідеально підходить для щоденного догляду за чутливою шкірою схильної до почервоніння. Засіб для шкіри з непереносимістю косметичних продуктів або  з такими станами, як акне, яким слід уникати косметичних продуктів, що викликають подразнення. Чудово справляється з освітленням пігментних плям і м’яким відлущенням епідермісу, надлишок якого може призвести до висипу.\r\n\r\nСпеціально для сухої шкіри крем AZELAC містить активні інгредієнти з заспокійливою та антиоксидантною дією, що зволожує та регулює шкірний жир. Крем миттєво приховує почервоніння завдяки інтерференційним пігментам, що входять до його складу. \r\n\r\nВам сподобається, тому що його зелені пігменти миттєво маскують почервоніння. А його формула, що базується на нанотехнологіях, допоможе вам тримати під контролем себорегуляцію шкіри та позбавить проблеми висипань. \r\n\r\nЗа рахунок поєднання лікувальних властивостей азелаїнової кислоти та зволожуючих властивостей гліцину, азелогліцин в собі несе протизапальну та антибактеріальну дію, а також має гарний відбілюючий ефект, розгладжує зморшки, зволожує шкіру та підвищує її еластичність. Ніацинамід заспокоює та зволожує шкіру, зменшує почервоніння, вирівнює загальний тон та сприяє швидкому загоєнню пошкоджень та запалень.  Вітамін E, екстракт зародків пшениці відновлюють ліпідний шар шкіри, який запобігає зневодненню, пошкодженню та появі запалень.  Олія листя чайного дерева та екстракт цикорію знижують бактеріальну активність у забитих порах та на поверхні шкіри, запобігають появі нових запальних процесів та полегшують загоєння вже наявних. Ретинол стимулює оновлення шкіри та вироблення колагенових волокон. Завдяки цьому пігментація зникає швидше, тонус шкіри відновлюється, а зморшки стають менш помітними. \r\n\r\nМи рекомендуємо використовувати зволожувальний крем для обличчя в комплексі з іншими засобами лінійки Azelac — так гіперпігментовані ділянки шкіри відновляться набагато швидше. Також крем сумісний із засобами з інших лінійок SesDerma.\r\n\r\nСпосіб застосування: \r\n\r\nНанесіть крем Azelac Moisturizing Cream на чисту суху шкіру або поверх активного догляду — наприклад, лосьйону Azelac Face Body Hair Lotion або сироватки Azelac RU Liposomal Serum.  Дочекайтеся, поки крем поглинеться шкірою. Перед виходом під активне сонце рекомендуємо вам використовувати сонцезахисний крем із SPF не менше 15 з лінії Repaskin, щоб запобігти подразненню шкіри та повторній появі пігментних плям.\r\n\r\nАктивні компоненти:\r\n\r\nАзелогліцин 10% · Екстракт розторопші · Ліпосомальна азелаїнова кислота · Ліпосомальна нікотинова кислота · Пантенол · Гіалуронова кислота · Транексамова кислота · Цетилпіридинію хлорид · Фітосфінгозинові ліпосоми.",
        "price": "1600.00",
        "popular": false,
        "available": true,
        "created": "2023-04-14T07:15:05.888Z",
        "updated": "2023-04-22T12:52:58.766Z"
    }
},
{
    "model": "shop.product",
    "pk": 8,
    "fields": {
        "name": "Гель для душа SeSDerma Hidraderm Bath Gel",
        "slug": "gel-dlya-dusha-sesderma-hidraderm-bath-gel",
        "brnd": 2,
        "line": 7,
        "cat": 5,
        "description": "Гель для душа SeSDerma Hidraderm Body Wash – великолепный увлажняющий продукт, обладающий освежающими и успокаивающими характеристиками.",
        "ingredients": "Гликолевая кислота, каолин, силикаты, крахмал, ментол, экстракт корня ириса, метил PCA, витамин А, цинк.",
        "image": "products/2023/04/26/28.jpg",
        "properties": "Гель для душа SeSDerma Hidraderm Body Wash – великолепный увлажняющий продукт, обладающий освежающими и успокаивающими характеристиками.\r\nСредство устраняет раздражения, не стягивает и не пересушивает и подходит для ухода за нормальным и сухим кожным покровом. Компоненты геля питают эпидермис ценными веществами и насыщают живительными капельками влаги, что благоприятно сказывается на его состоянии.",
        "price": "870.00",
        "popular": false,
        "available": true,
        "created": "2023-04-26T18:40:14.570Z",
        "updated": "2023-04-26T18:40:14.570Z"
    }
},
{
    "model": "shop.product",
    "pk": 9,
    "fields": {
        "name": "Защитный крем-бальзам для губ Sesderma Hidraderm Lip Protector",
        "slug": "zashitnyj-krem-balzam-dlya-gub-sesderma-hidraderm-lip-protector",
        "brnd": 2,
        "line": 7,
        "cat": 4,
        "description": "Увлажняет кожу, борется с сухостью и шелушением. Заживляет повреждения, делает губы мягкими и возвращает им ухоженный вид. Отшелушивает ороговевшие клетки эпидермиса, выравнивает тон и рельеф. Подходит как для женщин, так и для мужчин любого возраста",
        "ingredients": "2% Mandelic Acid, Aloe Vera Leaf Juice.",
        "image": "products/2023/04/26/15.jpeg",
        "properties": "Зволожує шкіру, бореться с сухістю и шелушением. Заживляет повреждения, делает губы мягкими и возвращает им ухоженный вид. Отшелушивает ороговевшие клетки эпидермиса, выравнивает тон и рельеф.\r\nПодходит как для женщин, так и для мужчин будь якого віку с любым типом шкіри.\r\nСпосіб застосування\r\nНа чистую кожу губ нанесите бальзам Lip Protector равномерным слоем. Используйте ежедневно перед выходом на улицу и при ощущении сухости на губах.",
        "price": "500.00",
        "popular": true,
        "available": true,
        "created": "2023-04-26T19:03:37.217Z",
        "updated": "2023-05-06T09:34:21.436Z"
    }
},
{
    "model": "shop.product",
    "pk": 10,
    "fields": {
        "name": "Крем для рук SeSDerma Hidraderm Hand Cream",
        "slug": "krem-dlya-ruk-sesderma-hidraderm-hand-cream",
        "brnd": 2,
        "line": 7,
        "cat": 4,
        "description": "Крем для рук SeSDerma Hidraderm Hand Cream предназначен для сухой, очень сухой, огрубевшей и/или состарившейся кожи рук.",
        "ingredients": "гликолевая кислота – 5%, мочевина – 2%, экстракт овса – 2% и масло жожоба – 1%.",
        "image": "products/2023/04/26/17-3.jpg",
        "properties": "Крем для рук SeSDerma Hidraderm Hand Cream предназначен для сухой, очень сухой, огрубевшей и/или состарившейся кожи рук. Консистенция крема чрезвычайно легкая, быстро впитывается, выполняет легкий пилинг, позволяя удалить отмершие клетки кожи, и глубоко ее увлажняет. Представленный крем для рук обеспечивает эластичность и прочность кожи и, в то же время, выравнивает ее тон, снимает раздражение, вызванное лечением кожи с применением бензоилпероксида, серы, кремов с ретиноидами.\r\nВ составе формулы крема для рук от испанских косметологов находятся следующие активные ингредиенты: гликолевая кислота – 5%, мочевина – 2%, экстракт овса – 2% и масло жожоба – 1%.\r\nУровень pH составляет 4,25.\r\nСостав\r\nAqua, Glycerin, Persea Gratissima Oil, Propanediol, Cetyl Alcohol, Polymethylsilsesquioxane, Glyceryl Stearate, PEG-100 Stearate, Caprylic/Capric Triglyceride, Urea Ceramide NP, Ceramide AP, Phytosphingosine, Cholesterol, Olea Europaea Oil Unsaponifiables, Glycina Soja Oil Unsaponifiables, Triticum Vulgare Germ Oil Unsaponifiables, Pollen Extract, Ceramide EOP, Tocopheryl Acetate, Hydrogenated Phosphatidylcholine, Lecithin, Carbomer, Xanthan Gum, Alcohol, Potassium Cocoyl Hydrolyzed Rice Protein, Sodium Cocoyl Amino Acids, Butyrospermum Parkii Butter Extract, Pentylene Glycol, Sodium Lauroyl Lactylate, Polysorbate 20, Disodium EDTA, Sodium Cholate, Squalene, Ceramide NP, Phenoxyehtanol, Ethylhexylglycerin, Parfum.\r\nСпособ применения\r\nЕжедневно наносить на чистую кожу рук и втирать по полного впитывания.",
        "price": "500.00",
        "popular": true,
        "available": true,
        "created": "2023-04-26T19:09:01.719Z",
        "updated": "2023-05-06T09:34:21.451Z"
    }
},
{
    "model": "shop.product",
    "pk": 11,
    "fields": {
        "name": "Молочко для лица SesDerma Laboratories Hidraderm Cleansing Milk",
        "slug": "molochko-dlya-lica-sesderma-laboratories-hidraderm-cleansing-milk",
        "brnd": 2,
        "line": 7,
        "cat": 4,
        "description": "Очищающее молочко с увлажняющим действием.",
        "ingredients": "Extracto de avena.",
        "image": "products/2023/04/26/7.jpeg",
        "properties": "Очищающее молочко с увлажняющим действием. Помимо очищения лица и удаления макияжа, очищающее молочко Hidraderm Hyal, содержащее 3 вида гиалуроновой кислоты, предотвращает обезвоживание и помогает поддерживать защитный барьер кожи.\r\nИдеально подходит для ежедневной чистки всех типов кожи. Он не только удаляет макияж и очищает кожу, но также помогает поддерживать увлажнение и защитный барьер кожи.\r\nExtracto de avena.\r\nСпособ применения\r\nСмочите ватный диск и протрите кожу лица ватным диском, пока все загрязнения не будут удалены. Не забудьте также очистить шею.",
        "price": "1000.00",
        "popular": false,
        "available": true,
        "created": "2023-04-26T19:32:28.508Z",
        "updated": "2023-04-26T19:32:28.508Z"
    }
},
{
    "model": "shop.product",
    "pk": 12,
    "fields": {
        "name": "Молочко для тела HIDRADERM",
        "slug": "molochko-dlya-tela-hidraderm",
        "brnd": 2,
        "line": 7,
        "cat": 4,
        "description": "Молочко с экстрактом овса и маслом сладкого миндаля ускоряет регенерацию тканей, успокаивает, восстанавливает, смягчает кожу после косметологических и медицинских процедур.",
        "ingredients": "Экстракт овса обладает смягчающим, противовоспалительным и защитным действием, мощный антиоксидант, активно увлажняет кожу. Масло сладкого миндаля питает кожу, смягчает и успокаивает ее, борется с воспалениями, восстанавливает эластичность и упругость.",
        "image": "products/2023/04/26/19-5-300x300.jpg",
        "properties": "Молочко с экстрактом овса и маслом сладкого миндаля ускоряет регенерацию тканей, успокаивает, восстанавливает, смягчает кожу после косметологических и медицинских процедур. Средство разработано с использованием технологии NANOTECH™. Ее уникальность заключается в использовании активных ингредиентов, помещенных в липосомы наноразмера, – маленькие липидные контейнеры, позволяющие компонентам в кратчайшие сроки проникать в глубокие слои кожи и тем самым повышать эффективность средства.\r\nСостав\r\nЭкстракт овса обладает смягчающим, противовоспалительным и защитным действием, мощный антиоксидант, активно увлажняет кожу.\r\nМасло сладкого миндаля питает кожу, смягчает и успокаивает ее, борется с воспалениями, восстанавливает эластичность и упругость.\r\nСпособ применения\r\nМягкими массажными движениями наносить на чистую кожу тела. Можно использовать утром и/или вечером.",
        "price": "1248.00",
        "popular": false,
        "available": true,
        "created": "2023-04-26T19:55:27.166Z",
        "updated": "2023-04-26T19:55:27.166Z"
    }
},
{
    "model": "shop.product",
    "pk": 13,
    "fields": {
        "name": "Тоник для чувствительной кожи SeSDerma Hidraderm Oatmeal & Roses Water",
        "slug": "tonik-dlya-chuvstvitelnoj-kozhi-sesderma-hidraderm-oatmeal-roses-water",
        "brnd": 2,
        "line": 7,
        "cat": 4,
        "description": "Способ применения Очищающее средство при подготовке к химическим пилингам.",
        "ingredients": "Экстракт овса – 5%, экстракт розовых лепестков – 5%, альфа-бисаболол – 1%, пантенол – 5%, витамин Е – 0,5%, фосфолипиды. (Все средства линии Hidraderm снимают раздражение, вызванное лечением кожи с применением бензоилпероксида, серы, кремов с ретиноидами.",
        "image": "products/2023/04/26/11-2_1.jpg",
        "properties": "Состав\r\nЭкстракт овса – 5%, экстракт розовых лепестков – 5%, альфа-бисаболол – 1%, пантенол – 5%, витамин Е – 0,5%, фосфолипиды. (Все средства линии Hidraderm снимают раздражение, вызванное лечением кожи с применением бензоилпероксида, серы, кремов с ретиноидами.\r\nСпособ применения\r\nОчищающее средство при подготовке к химическим пилингам. Нанести Тоник Hidraderm на ватный диск, протереть кожу лица, шеи, декольте. Завершить процесс очищения Обезжиривающим раствором Degreasing Solution.\r\nВозможно применение Тоника Hidraderm в домашних условиях для ежедневного очищения кожи. Тоник можно использовать в качестве увлажняющего средства методом орошения (распылять непосредственно на лицо, закрыв глаза, несколько раз в день).",
        "price": "971.00",
        "popular": false,
        "available": true,
        "created": "2023-04-26T20:10:25.231Z",
        "updated": "2023-04-26T20:10:25.231Z"
    }
},
{
    "model": "shop.product",
    "pk": 14,
    "fields": {
        "name": "AGE CONTROL RENEWAL CREAM HOLY LAND",
        "slug": "age-control-renewal-cream-holy-land",
        "brnd": 1,
        "line": 5,
        "cat": 6,
        "description": "Крем стимулює синтез колагену, завдяки чому ефективно оновлює і регенерує шкіру. Після застосування крему Ваша шкіра стане гладкою, ніжною, повної життєвих сил.",
        "ingredients": "WATER (AQUA), ISOPROPYL MYRISTATE, OLEYL ALCOHOL, PALMITIC ACID, GLYCINE, STEARIC ACID, TRIFOLIUM PRATENSE (CLOVER) FLOWER EXTRACT, CETYL ALCOHOL, CETYL PALMITAT, CAPRYLIC / CAPRIC TRIGLYCERIDE, TRIETHANOLAMINE, DIOSCOREA VILLOSA (WILD YAM) ROOT EXTRACT,",
        "image": "products/2023/05/01/d865aa210264f1d85fb4dc9ebea4189f-700x500_1.jpg",
        "properties": "ДЛЯ КОГО?\r\nРобить шкіру більш пружною і витривалою, розгладжує зморшки, підсилює відновні здатності шкіри, а також нормалізує її гормональний баланс.\r\n\r\nОПИС:\r\nКрем стимулює синтез колагену, завдяки чому ефективно оновлює і регенерує шкіру. Після застосування крему Ваша шкіра стане гладкою, ніжною, повної життєвих сил.\r\n\r\nЗАСТОСУВАННЯ:\r\nНаносите крем Holy Land AGE CONTROL Renewal Cream 1-2 рази в тиждень на обличчя, шию і повіки після зміцнює сироватки Firming Serum.\r\n\r\nСКЛАД:\r\nWATER (AQUA), ISOPROPYL MYRISTATE, OLEYL ALCOHOL, PALMITIC ACID, GLYCINE, STEARIC ACID, TRIFOLIUM PRATENSE (CLOVER) FLOWER EXTRACT, CETYL ALCOHOL, CETYL PALMITAT, CAPRYLIC / CAPRIC TRIGLYCERIDE, TRIETHANOLAMINE, DIOSCOREA VILLOSA (WILD YAM) ROOT EXTRACT, GLYCINE SOJA (SOYBEAN) STEROL, CAMELLIA SINENSIS (GREEN TEA) LEAF EXTRACT, HYDROLYZED VEGETABLE PROTEIN, BIOSACCHARIDE GUM-1, XYLITYLGLUCOSIDE, ANHYDROXYLITOL, XYLITOL, ETHYLHEXYL GLUCERIN, LECITHIN, XANTHAN GUM, CYAMOPSIS TETRAGONOLOBA (GUAR) GUM, BUTYLEN GLYCOL, PHENOXYETHANOL, PARFUM, ALPHA ISOMETHYL LONONE, BUTYLPHENYL METHYLPROPIONAL, CINNAMAL, CITRONELLOL, EUGENOL, HYDROXYCITRONELLAL, HYDROXYSOHEXYL 3 CYCLOHEXENE CARBOXALDEHYDE, LINALOOL.\r\n\r\nВЛАСТИВОСТІ\r\nВік: 25 плюс\r\nКраїна: Ізраїль\r\nЛінія: AGE CONTROL - линия с фитоэстрогенами для увядающей кожи\r\nПризначення: Для обличчя\r\nТип шкіри: увядающая",
        "price": "3300.00",
        "popular": false,
        "available": true,
        "created": "2023-05-01T09:45:19.843Z",
        "updated": "2023-06-29T18:25:06.481Z"
    }
},
{
    "model": "shop.product",
    "pk": 15,
    "fields": {
        "name": "Сироватка миттєвої дії - SeSDerma Daeses Immediate Lifting Effect Serum",
        "slug": "sirovatka-mittyevoyi-diyi-sesderma-daeses-immediate-lifting-effect-serum",
        "brnd": 2,
        "line": 8,
        "cat": 6,
        "description": "Sesderma Daeses Instant Lifting Effect Serum Ampoules— це флеш-процедура, яка здатна миттєво підтягнути шкіру обличчя для більш підтягнутого вигляду обличчя з чіткими контурами",
        "ingredients": "Aqua, Dimethyl MEA, Lactic Acid, Propylene Glycol, Polysorbate 20, Citronellol, Geraniol, Linalool, Phenoxyethanol, Methylparaben, Ethylparaben, Butylparaben, Propylparaben, Parfum.",
        "image": "products/2023/05/13/SeSDerma_Daeses_Immediate_Lifting_Effect_Serum3.jpg",
        "properties": "Sesderma Daeses Instant Lifting Effect Serum Ampoulesце швидка процедура, яка миттєво підвищує пружність шкіри. Завдяки унікальній формулі ці ампули можна використовувати як щоденно, так і періодично. Оскільки вони забезпечують миттєвий ліфтинг-ефект, ви можете використовувати їх час від часу, перед великими подіями, зустрічами чи будь-якою іншою ситуацією, коли ви відчуваєте потребу виглядати якнайкраще. Але оскільки вони також стимулюють вироблення еластину та колагену, підвищують еластичність шкіри, покращують м’язовий тонус і допомагають запобігти та відновити втрату пружності з часом, їх також можна використовувати щоденно як заміну сироватки. Завдяки приємній легкій текстурі, яка швидко вбирається, вони ідеально підходять для миттєвого пружного вигляду та оновлених контурів.\r\n\r\nЯкщо ви вже знали ці ампули, ви можете помітити деякі відмінності. Тепер упаковані в красиву червону пластикову ампулу замість скла, вони безпечніші та підлягають переробці. Крім того, оскільки ця потужна формула стабільна лише протягом 24 годин, а 2 мл було зайвим для одноденного використання, тепер вони містять 1,5 мл продукту. Але не хвилюйтеся, замість 5 ампул у цій новій коробці їх 10!\r\n\r\nхарактеристики\r\nТекстура: рідка;\r\nПроблеми зі шкірою: втрата пружності;\r\nЧас застосування: ранок і вечір;\r\nВік: 40+;\r\nТип шкіри: всі типи шкіри;\r\nОсновні переваги: ​​має блискавичний ефект, який негайно підвищує пружність шкіри, стимулює вироблення еластину та колагену, підвищує еластичність шкіри, покращує м’язовий тонус, запобігає та відновлює втрату пружності.\r\nОсновні інгредієнти\r\n8% DMAE є природним інгредієнтом, який допомагає посилити синтез ацетилхоліну і, отже, міцність, оскільки цей елемент відповідає за скорочення м'язів. Завдяки цій здатності підвищувати тонус м'язів, це не тільки призводить до негайного ліфтинг-ефекту, але також призводить до відновлення м'язового тонусу з часом;\r\nГідролізовані протеїни пшениці мають миттєвий ліфтинг-ефект і допомагають як зволожити шкіру, так і зменшити зморшки;\r\n7% молочна кислота допомагає підвищити комфорт і зміцнити шкірний бар'єр;\r\nОрганічний кремній необхідний для створення колагену та еластину, підвищення щільності матриці, яка забезпечує підтримку та стабілізує архітектуру тканини.\r\nЯк використовувати\r\nСтрусітьSesderma Daeses Instant Lifting Effect Serum Ampoulesі введіть шийку ампули всередину пластикового ковпачка. Обережно розламати шийку ампули біля кольорового кільця. Половину ампули нанести вранці на очищену та суху шкіру. Ніжно масажуйте до повного вбирання. Другу половину нанесіть на ніч. Якщо у вас комбінована або жирна шкіра, перед нанесенням макіяжу вам, можливо, доведеться витерти надлишки продукту.",
        "price": "880.00",
        "popular": false,
        "available": true,
        "created": "2023-05-13T12:37:04.689Z",
        "updated": "2023-05-13T12:37:04.689Z"
    }
},
{
    "model": "shop.product",
    "pk": 16,
    "fields": {
        "name": "Інтенсивна сироватка миттєвої краси - SeSDerma C-Vit Intensive Serum Flash Effect",
        "slug": "intensivna-sirovatka-mittyevoyi-krasi-sesderma-c-vit-intensive-serum-flash-effect",
        "brnd": 2,
        "line": 9,
        "cat": 5,
        "description": "Intensive Serum Flash Effect з серії C-Vit відомого іспанського бренда SeSDerma Laboratories сприяє активізації природних процесів регенерації, тим самим допомагаючи шкірному покриву швидше відновитися. Препарат створений на основі аскорбінової кислоти, в",
        "ingredients": "Препарат створений на основі аскорбінової кислоти",
        "image": "products/2023/05/13/SesC_Vit.jpg",
        "properties": "Представниці прекрасної статі завжди прагнуть якомога довше зберігати свої молодість і красу. Зараз на ринку представлено цілий спектр послуг, який дає змогу жінкам мати бездоганний вигляд у будь-якому віці. Якщо ви зважилися на лазерне шліфування обличчя або хімічний пілінг, потрібно пам'ятати, що після таких маніпуляцій епідерміс потребує особливого догляду та надійного захисту від негативного впливу навколишнього середовища.\r\n\r\nIntensive Serum Flash Effect з серії C-Vit відомого іспанського бренда SeSDerma Laboratories сприяє активізації природних процесів регенерації, тим самим допомагаючи шкірному покриву швидше відновитися. Препарат створений на основі аскорбінової кислоти, він має відбілювальні властивості, а також робить шкірний покрив пружним та еластичним.",
        "price": "740.00",
        "popular": false,
        "available": true,
        "created": "2023-05-13T14:42:00.839Z",
        "updated": "2023-05-13T14:42:00.839Z"
    }
},
{
    "model": "shop.product",
    "pk": 17,
    "fields": {
        "name": "Ампули з гліколевою кислотою - SesDerma ACGLICOLIC 20 Anti-Aging Moisturizing Ampoules",
        "slug": "ampuli-z-glikolevoyu-kislotoyu-sesderma-acglicolic-20-anti-aging-moisturizing-ampoules",
        "brnd": 2,
        "line": 10,
        "cat": 5,
        "description": "Бренд SesDerma Laboratories випустив ампули з гліколевою кислотою, призначені для боротьби з ознаками старіння. Формула розроблена на основі гліколевої кислоти, яка здатна згладжувати роговий шар і прискорювати синтез колагену з еластином.",
        "ingredients": "Зволоження, Відновлення, Проти акне, Розгладження",
        "image": "products/2023/05/13/ampuly-s-glikolevoy-kislotoy-protiv-stareniya-sesderma-acglicolic.webp",
        "properties": "Sesderma Acglicolic 20 Anti-Aging Ampoules Ампули з гліколевою кислотою проти старіння 10х1,5 мл \r\n\r\nВікові процеси зупинити неможливо, але подбати про якість шкірного покриву можна до їх фактичної появи. Бренд SesDerma Laboratories випустив ампули з гліколевою кислотою, призначені для боротьби з ознаками старіння. Формула розроблена на основі гліколевої кислоти, яка здатна згладжувати роговий шар і прискорювати синтез колагену з еластином. Завдяки додаванню до складу глікопротеїнів засіб має заспокійливі властивості, а цераміди забезпечують протизапальні, противірусні, ранозагоювальні та бактерицидні здатності.\r\n\r\nОсобливості Acglicolic Classic Forte Anti-Aging Ampoules від бренда SesDerma Laboratories:\r\n\r\nекстракт водоростей і зародків пшениці потужно живлять;\r\nсоєвий екстракт регенерує;\r\nзапобігає сухості, в’ялості і стягненню шкіри;\r\nпідвищує еластичність і пружність;\r\nпопереджає виникнення заломів і зморшок;\r\nполіпшує тургор, підтягує шкіру;\r\nпокращує структуру і колір обличчя.\r\nСпосіб застосування: наносити на очищену шкіру обличчя, шиї і декольте м’якими масажними рухами до повного вбирання 1-2 рази на тиждень. Потім можна нанести денний/нічний або тональний крем\r\n\r\nСклад: AQUA, GLYCOLIC ACID, ALCOHOL DENAT, PROPYLENE GLYCOL, AMMONIUM HYDROXIDE, POLYSORBATE 20, PENTAERYTHRITYL TETRA-DI-T-BUTYL HYDROXYHYDROCINNAMATE, ALCOHOL, ALLANTOIN, ALPHA-ISOMETHYL IONONE, ASCORBYL GLUCOSIDE, BISABOLOL, CENTELLA ASIATICA EXTRACT, CITRIC ACID, DISODIUM EDTA, EPILOBIUM ANGUSTIFOLIUM LEAF EXTRACT, ERGOTHIONEINE, ETHYLHEXYLGLYCERIN, ETHYLPARABEN, FUCUS VESICULOSUS EXTRACT, GLYCOLIC ACID, HYDROLYZED COLLAGEN, LACTIC ACID, LECITHIN, MALIC ACID, METHYLPARABEN, PARFUM, PEG-40 HYDROGENATED CASTOR OIL, PEG/PPG-20/6 DIMETHICONE, PHENOXYETHANOL, POTASSIUM SORBATE, PROPYLPARABEN, SODIUM HYALURONATE, SODIUM PCA, TARTARIC ACID, TOCOPHERYL ACETATE, TRIDECETH-9, TRIETHANOLAMINE, TRIISOPROPANOLAMINE, UREA.",
        "price": "1200.00",
        "popular": false,
        "available": true,
        "created": "2023-05-13T15:16:41.728Z",
        "updated": "2023-05-13T15:16:41.728Z"
    }
},
{
    "model": "shop.product",
    "pk": 18,
    "fields": {
        "name": "Увлажняющий крем против морщин - SeSDerma C-Vit Moisturizing Face Cream",
        "slug": "uvlazhnyayushij-krem-protiv-morshin-sesderma-c-vit-moisturizing-face-cream",
        "brnd": 2,
        "line": 9,
        "cat": 5,
        "description": "Стабілізована форма вітаміну С, яка входить до складу крему, закриває одночасно декілька наших потреб, а саме сяяння шкіри відразу після нанесення,  глибоке зволоження та фотостаріння. Клінічно доведено, що вітамін С бореться з пігментацією і поліпшує які",
        "ingredients": "Aqua, Pentylene Glycol, Octyldodecanol, Cetyl Alcohol, Cyclopentasiloxane, Propylene Glycol, Glycerin, Ascorbyl Glucoside, Acrylamide/Sodium Acryloyldimethyltaurate Copolymer, Cyclohexasiloxane, Ammonium Acryloyldimethyltaurate/Vp Copolymer, Citrus Aurant",
        "image": "products/2023/05/13/cremcvitsesderma.jpg",
        "properties": "Для того, щоб шкіра сяяла молодістю, а зморшки не з’явилися, необхідно інтенсивне зволоження. SesDerma – іспанський косметичний бренд, пропонує вам скористатися своєю новою розробкою для краси та молодості шкіри обличчя без зморшок – C-Vit Moisturizing Face Cream.\r\n\r\nСтабілізована форма вітаміну С, яка входить до складу крему, закриває одночасно декілька наших потреб, а саме сяяння шкіри відразу після нанесення,  глибоке зволоження та фотостаріння. Клінічно доведено, що вітамін С бореться з пігментацією і поліпшує якість шкіри завдяки властивості впливати на вироблення колагену.  Це ваша добова доза  потужного антиоксиданту, який бореться з тьмяною, нерівною шкірою.  Завдяки ліпосомаваному вітаміну С відбувається відновлення ліпідного бар’єру, покращення мікроциркуляції та активізується клітинне оновлення.\r\n\r\nЕкстракт гіркого апельсина зменшує бактеріальну активність на поверхні шкіри.\r\n\r\nСистема AX+ Antiox Booster – поєднання екстрактів гінкго білоба, птеростильбену, кверцетину  нейтралізує дію вільних радикалів, посилюючи антиоксидантну властивість інших компонентів.\r\n\r\nАктивні компоненти\r\n\r\nСтабілізований вітамін С,  антиоксидантний комплекс Antiox Booster system AX+, концентрат апельсинового соку, хондроїтин сульфат.",
        "price": "1300.00",
        "popular": false,
        "available": true,
        "created": "2023-05-13T15:26:32.377Z",
        "updated": "2023-05-13T15:26:32.377Z"
    }
},
{
    "model": "shop.product",
    "pk": 19,
    "fields": {
        "name": "Крем-контур вокруг глаз C-VIT sesderma",
        "slug": "krem-kontur-vokrug-glaz-c-vit-sesderma",
        "brnd": 2,
        "line": 9,
        "cat": 4,
        "description": "Крем-контур вокруг глаз, на основе сладкого апельсина и стабилизированного витамина С,",
        "ingredients": "Стабілізований вітамін С (e-VIT-C), инкапсулированный в ліпосоми, працює як потужний антиоксидант, сприяє підвищенню синтезу колагену, скорочує зморшки і запобігає їх появі, зміцнює шкіру і надає їй гладкість і еластичність. Антиоксидантна система Antiox",
        "image": "products/2023/05/13/sescontur.jpg",
        "properties": "Крем-контур навколо очей, на основі солодкого апельсина і стабілізованого вітаміну С, інкапсульованого в ліпосоми, бореться з ознаками втоми, темними колами й мішками під очима, зволожує та усуває зморшки і «гусячі лапки». Засіб розроблений з використанням технології NANOTECH™. Її унікальність полягає у використанні активних інгредієнтів, поміщених в ліпосоми нанорозміру, – маленькі ліпідні контейнери, дозволяють компонентів в найкоротші терміни проникати в глибокі шари шкіри і тим самим підвищувати ефективність засобу. Спосіб застосування: Нанести на очищену шкіру навколо очей, делікатно масажувати до повного вбирання. Можна використовувати вранці і/або ввечері. Склад Стабілізований вітамін С (e-VIT-C), инкапсулированный в ліпосоми, працює як потужний антиоксидант, сприяє підвищенню синтезу колагену, скорочує зморшки і запобігає їх появі, зміцнює шкіру і надає їй гладкість і еластичність. Антиоксидантна система Antiox booster (гінгко білоба, птеростильбен, кверцетин) бореться з вільними радикалами, захищають від шкідливого впливу навколишнього середовища, зберігають молодість шкіри. Екстракт солодкого апельсина зволожує, відновлює шкіру, сприяє виробленню колагену, підвищує пружність, вирівнює тон шкіри, освітлює. Об'єм: 15 мл",
        "price": "680.00",
        "popular": false,
        "available": true,
        "created": "2023-05-13T15:36:05.481Z",
        "updated": "2023-05-13T15:36:05.481Z"
    }
},
{
    "model": "shop.product",
    "pk": 20,
    "fields": {
        "name": "Ліпосомальна сироватка з вітаміном - SeSDerma C-Vit Facial Liposomal Serum",
        "slug": "liposomalna-sirovatka-z-vitaminom-sesderma-c-vit-facial-liposomal-serum",
        "brnd": 2,
        "line": 9,
        "cat": 5,
        "description": "Ваша добова доза вітаміну С з антиоксидантним ефектом, який вирівнює тон та повертає шкірі молодість та сяючий вигляд. Завдяки нанотехнології активні компоненти в ліпосомованій формі забезпечують максимальний захист від вільних радикалів та глибоку проник",
        "ingredients": "Aqua, Glycerin, Propanediol, Propylene Glycol, Polymethylsilesquioxane, PEG-40 Hydrogenated Castor Oil, Gingko Biloba Leaf Extract, 3-Ethyl Ascorbic Acid, Resveratrol Dimethyl Ether, Quercetin, Palmityol Tripeptide-5, Sodium Hyaluronate, Morus Alba Root E",
        "image": "products/2023/05/13/sesliposoma.jpg",
        "properties": "Ваша добова доза вітаміну С з антиоксидантним ефектом, який вирівнює тон та повертає шкірі молодість та сяючий вигляд. Завдяки нанотехнології активні компоненти в ліпосомованій формі забезпечують максимальний захист від вільних радикалів та глибоку проникність. Сироватка рекомендована для жінок та чоловіків з віковою шкірою будь-якого типу, схильною до виникнення пігментних плям.\r\n\r\n3-O-етил-аскорбінова кислота — форма вітаміну C, освітлює вікову та постакне-пігментацію, стимулює вироблення колагену, повертає шкірі еластичність.\r\n\r\nГіалуронова кислота глибоко зволожує шкіру, відновлюючи захисну гідроліпідну мантію.\r\n\r\nЕкстракт шовковиці та ресвератрол стимулюють оновлення епідермісу та освітлення пігментованих ділянок шкіри.\r\n\r\nУ результаті дії активних компонентів сиворотки помітний ефект зменшення ознак старіння,   шкіра стає пружною, зволоженою, колір обличчя поліпшується та розгладжуються зморшки.\r\n\r\nРекомендуємо вам використовувати ліпосомальну сироватку з вітаміном C в комплексі з іншими засобами лінійки C-Vit — всі засоби в ній спрямовані на освітлення пігментації, тому ефект від комплексного використання буде помітнішим.\r\n\r\nАктивні компоненти\r\n\r\n3-O-етил-аскорбінова кислота, гіалуронова кислота, екстракт шовковиці, ресвератрол, система Antiox Booster (гінкго білоба, птеростилбен, кверцетин), пальмітоїл Трипептид-5.\r\n\r\n \r\nПереваги\r\nвирівнює тон та запобігає фотостарінню\r\nмінімізує пігментацію шкіри, спричинену старінням\r\nвідновлює життєву силу шкіри та робить її гладенькою\r\nборотьба з ознаками втоми та зменшення появи зморшок\r\nпідвищує пружність та еластичність шкіри.\r\nантиоксидантна дія проти вільних радикалів\r\nщоденне зволоження\r\nактивні інгредієнти інкапсульовані в ліпосоми для досягнення більшого проникнення та ефективності",
        "price": "1800.00",
        "popular": false,
        "available": true,
        "created": "2023-05-13T15:43:51.043Z",
        "updated": "2023-05-13T15:43:51.043Z"
    }
},
{
    "model": "shop.product",
    "pk": 21,
    "fields": {
        "name": "AZELAC RU SPF 50 Luminous Fluid",
        "slug": "azelac-ru-spf-50-luminous-fluid",
        "brnd": 2,
        "line": 6,
        "cat": 4,
        "description": "Пігменти вирівнюють тон шкіри та надають їй неперевершеного сяяння. Водночас засіб захищає шкіру від небезпечного сонячного випромінювання.",
        "ingredients": "Азелаїнова кислота, транексамова кислота, фізичні та хімічні фільтри, освітлювальні пігменти, вітамін C, екстракт маргаритки, слюда, екстракт меліси, вітамін Е, фактори росту, 4-бутилрезорцинол",
        "image": "products/2023/05/16/sesderma_azelac_fluid.png",
        "properties": "Перемогти пігментні плями можливо! Освітлювальний флюїд SPF 50 Sesderma Azelac RU можна використовувати як для їхнього усунення, так і для захисту та попередження їхньої появи. Активні речовини флюїду інкапсульовані в ліпосоми, що допомагає їм легше проникати безпосередньо в шкіру.\r\n\r\nПігменти вирівнюють тон шкіри та надають їй неперевершеного сяяння. Водночас засіб захищає шкіру від небезпечного сонячного випромінювання. Запобігати утворенню пігментних плям простіше, ніж усувати вже наявні пошкодження. Однак не впадайте у відчай — цей флюїд впорається з усім. В результаті регулярного використання засобу обличчя виглядає свіжим та сяючим. \r\n\r\nАзелаїнова та транексамова кислоти прискорюють природне оновлення епідермісу, освітлюють пігментні плями, вирівнюють тон шкіри. Також транексамова кислота діє як зволожувальний компонент.\r\n\r\nСонцезахисні фільтри створюють на шкірі бар’єр від ультрафіолету, перешкоджають появі пігментації, зберігають шкіру здорової та молодої.\r\n\r\nВітамін C — потужний антиоксидант. Захищає клітини від окислювального стресу та передчасного старіння, робить сліди втоми менш помітними. \r\n\r\nФактори росту прискорюють природну регенерацію тканин, повертають шкірі здоровий і доглянутий вигляд.  Використовуйте флюїд для сяйва шкіри SPF 50 Sesderma Azelac Ru в комплексі з депігментуючим крем-гелем для обличчя з цієї ж серії.\r\n\r\nАктивні компоненти\r\n\r\nАзелаїнова кислота, транексамова кислота, фізичні та хімічні фільтри, освітлювальні пігменти, вітамін C, екстракт маргаритки, слюда, екстракт меліси, вітамін Е, фактори росту, 4-бутилрезорцинол",
        "price": "1660.00",
        "popular": false,
        "available": true,
        "created": "2023-05-16T19:55:01.026Z",
        "updated": "2023-05-16T19:55:01.026Z"
    }
},
{
    "model": "shop.product",
    "pk": 22,
    "fields": {
        "name": "C-VIT RADIANCE GLOWING FLUID",
        "slug": "c-vit-radiance-glowing-fluid",
        "brnd": 2,
        "line": 9,
        "cat": 6,
        "description": "Флюид омолаживает и увлажняет кожу, улучшает ее эластичность. Обладает легким отбеливающим и мгновенным лифтинговым эффектом. Заметно улучшает цвет лица, текстуру и эластичность кожи. Заряжает кожу энергией и придает эффект «внутреннего свечения».",
        "ingredients": "Витамин С, корень шелковицы белой, матриксил",
        "image": "products/2023/05/16/sesderma_cvit_fluid.webp",
        "properties": "Флюид омолаживает и увлажняет кожу, улучшает ее эластичность. Обладает легким отбеливающим и мгновенным лифтинговым эффектом. Заметно улучшает цвет лица, текстуру и эластичность кожи. Заряжает кожу энергией и придает эффект «внутреннего свечения».\r\n\r\nПрименение:\r\nНаносить ежедневно утором и/или вечером в течение 6-8 месяцев.\r\n\r\nАктивные компоненты:\r\nВитамин С, корень шелковицы белой, матриксил.\r\nДействие\r\nАнтиоксидантное, Восстановление, Лифтинг, Омоложение, Отбеливание, Увлажнение, Укрепление\r\nТип кожи Для всех\r\nВозраст 25+\r\nСтрана Испания\r\nВремя применения  Вечером, Утром\r\nОбъем 50 мл",
        "price": "1785.00",
        "popular": false,
        "available": true,
        "created": "2023-05-16T20:05:25.532Z",
        "updated": "2023-05-16T20:05:25.532Z"
    }
},
{
    "model": "shop.product",
    "pk": 23,
    "fields": {
        "name": "SeSDerma Azelac Face Scalp and Body Lotion",
        "slug": "sesderma-azelac-face-scalp-and-body-lotion",
        "brnd": 2,
        "line": 6,
        "cat": 4,
        "description": "Цей засіб допоможе ефективно регулювати надмірне виділення шкірного сала, впорається з чорними цятками та ознаками розацеа. Заспокоює, зменшує почервоніння та має антиоксидантну дію.",
        "ingredients": "Азелаїнова кислота, саліцилова кислота.",
        "image": "products/2023/05/18/azelac_lotion2.png",
        "properties": "Лосьйон для обличчя та тіла SeSDerma Azelac Face Scalp and Body Lotion 100 мл\r\nЛосьйон для м’якого відлущування та глибокого очищення ділянок з акне, жирної чи проблемної шкіри.\r\n\r\nЦей засіб допоможе ефективно регулювати надмірне виділення шкірного сала, впорається з чорними цятками та ознаками розацеа. Заспокоює, зменшує почервоніння та має антиоксидантну дію.\r\n\r\nАзелаїнова кислота м’яко відлущує шкіру, не викликаючи подразнення або запалення, освітлює пігментацію, спричинену акне. Зменшує запальні процеси при розацеа та вирівнює тон шкіри.\r\n\r\nСаліцилова кислота пригнічує бактеріальну активність на поверхні шкіри, розчиняє себум у забитих порах, полегшує загоєння акне та запобігає появі нових запальних процесів.\r\nЛосьйон для обличчя є частиною серії Azelac і ми рекомендуємо використовувати його в комплексі з іншими засобами серії. Також ви можете комбінувати лосьйон із засобами з інших лінійок SESDERMA, для того щоб підібрати максимально відповідний вашій шкірі догляд.\r\nАктивні компоненти Азелаїнова кислота, саліцилова кислота.\r\n\r\nПереваги \r\nзабезпечує ніжне відлущування, глибоке очищення, регулює вироблення шкірного сала заспокоює проблемну шкіру, нейтралізує почервоніння позбавляє шкіру від чорних цяток й інших недосконалостей сприяє поліпшенню стану шкіри, яка потерпає від акне чи розацеа\r\nлегке нанесення завдяки формі спрею",
        "price": "920.00",
        "popular": false,
        "available": true,
        "created": "2023-05-18T19:56:14.773Z",
        "updated": "2023-05-18T19:56:14.773Z"
    }
},
{
    "model": "shop.product",
    "pk": 24,
    "fields": {
        "name": "СИРОВАТКА СЕСДЕРМА AZELAC RU",
        "slug": "sirovatka-sesderma-azelac-ru",
        "brnd": 2,
        "line": 6,
        "cat": 4,
        "description": "запобігання та усунення шкірної гіперпігментації (сонячні плями, веснянки, плями при вагітності ...)",
        "ingredients": "Азелаиновая кислота, 4-бутілрезорцінол, ретинол, аскорбілглюкозід, ліпосомірованний ніацинамід, ундеціленоіл фенілаланін, гліцірретіновая кислота, діацетил Болдін.",
        "image": "products/2023/05/18/sirovatca_azelac.jpg",
        "properties": "властивості:\r\n\r\n- запобігання та усунення шкірної гіперпігментації (сонячні плями, веснянки, плями при вагітності ...)\r\n- осветляющая сироватка з активними інгредієнтами, інкапсульованими в ліпосоми, які впливають безпосередньо на причину виникнення плям, вирівнюючи тон шкіри\r\n- освітлює шкіру, зменшує інтенсивність плям різної етіології\r\n- запобігає появі нових плям\r\n- зменшує гіперпігментацію, в тому числі при високому фототип шкіри\r\n- депігментуючих сироватка використовується самостійно або в комбінації з іншими отбеливающими процедурами (хімічні пілінги, лазер, IPL).\r\n\r\nЗАСТОСУВАННЯ:\r\nОчистити шкіру очищають молочком Acglicolic або пеня кремом для вмивання Hidraven. Нанести сироватку Azelac RU на зону догляду легкими масажними рухами. Наносити ввечері самостійно або в поєднанні з освітлюючими препаратами Kojicol або Thiomelan. У більшості випадків результати стають помітні через 4 тижні після початку застосування. Мінімальна тривалість курсу - 3 місяці. Необхідно щоденне використання сонцезахисних засобів. Рекомендується комбінувати депігментірующіе процедури із засобами, що містять гліколеву кислоту (Acglicilic), ретинол (Retises) або вітамін С (С-VIT).\r\n\r\nСКЛАД:\r\nАзелаиновая кислота, 4-бутілрезорцінол, ретинол, аскорбілглюкозід, ліпосомірованний ніацинамід, ундеціленоіл фенілаланін, гліцірретіновая кислота, діацетил Болдін.",
        "price": "1890.00",
        "popular": false,
        "available": true,
        "created": "2023-05-18T20:07:10.367Z",
        "updated": "2023-05-18T20:07:10.367Z"
    }
},
{
    "model": "shop.product",
    "pk": 25,
    "fields": {
        "name": "Ліпосомальна сироватка Sesderma SAMAY Anti-Aging Serum For Sensitive Skin",
        "slug": "liposomalna-sirovatka-sesderma-samay-anti-aging-serum-for-sensitive-skin",
        "brnd": 2,
        "line": 6,
        "cat": 4,
        "description": "Сироватка для шкіри обличчя Samay Anti-Aging Serum Sesderma розроблена для чутливої ​​та реактивної шкіри. Поєднання натуральних ретиноїдів і рослинних інгредієнтів дбайливо подбає про вашу шкіру.",
        "ingredients": "Бакучіол, альфа-глюкан, алантоїн, екстракт маргаритки, екстракт ромашки, екстракт календули лікарської.",
        "image": "products/2023/05/20/aselac_samay.png",
        "properties": "Сироватка для шкіри обличчя Samay Anti-Aging Serum Sesderma розроблена для чутливої ​​та реактивної шкіри. Поєднання натуральних ретиноїдів і рослинних інгредієнтів дбайливо подбає про вашу шкіру.\r\n\r\nСироватка не викликає подразнення, покращує бар’єрні властивості епідермісу, повертає обличчю здоровий доглянутий вигляд. Розгладжує мімічні зморшки, покращує тургор, освітлює пігментацію та постакне. Сироватка може використовуватись як жінками, так і чоловіками з першими видимими ознаками старіння.\r\n\r\nБакучіол — рослинний аналог ретинолу. Бореться з в’ялістю і розгладжує зморшки, відбілює ділянки пігментації, зокрема постакне. Повертає обличчю свіжий доглянутий вигляд. Крім того, бакучиол не викликає подразнення та лущення шкіри — побічні ефекти, які можуть з’явитися при використанні ретинолу. \r\n\r\nАльфа-глюкан та молочні протеїни зволожують шкіру, захищають від запалень та зневоднення. Підсилюють бар’єрну функцію епідермісу, роблячи шкіру стійкішою до агресивного довкілля. \r\n\r\nАлантоїн, екстракти ромашки та календули — заспокійливі компоненти. Знімають подразнення, свербіж та почервоніння, прискорюють загоєння ушкоджень.\r\n\r\nЕкстракт маргаритки освітлює та вирівнює тон шкіри, знімає сліди втоми та покращує колір обличчя.\r\n\r\nВикористовуйте ліпосомальну антивікову сироватку для чутливої ​​шкіри в комплексі з антивіковим кремом для чутливої ​​шкіри із серії Sesderma SAMAY.\r\n\r\nАктивні компоненти\r\n\r\nБакучіол, альфа-глюкан, алантоїн, екстракт маргаритки, екстракт ромашки, екстракт календули лікарської.",
        "price": "890.00",
        "popular": false,
        "available": true,
        "created": "2023-05-20T13:47:34.143Z",
        "updated": "2023-05-20T13:51:15.573Z"
    }
},
{
    "model": "shop.product",
    "pk": 26,
    "fields": {
        "name": "Сонцезахисний крем для обличчя REPASKIN Silk Touch SPF 50",
        "slug": "soncezahisnij-krem-dlya-oblichchya-repaskin-silk-touch-spf-50",
        "brnd": 2,
        "line": 11,
        "cat": 2,
        "description": "Сонцезахисний крем для обличчя SPF 50 захищає шкіру від фотостаріння, запобігає зневодненню шкіри, появі зморшок та запалень. Завдяки текстурі крем легко вбирається, розгладжує шкіру та заповнює дрібні зморшки. Може використовуватися як основа під макіяж.",
        "ingredients": "Сонцезахисні фізичні і хімічні фільтри, екстракт планктону, лізат біфідобактерій,  фермент бактерій Thermus thermophilus, екстракт резуховидки Таля, ліпосомований лізат мікрококів, сечовина, гідролізований колаген, птеростильбен, аллан.",
        "image": "products/2023/05/21/sesderma_spf.png",
        "properties": "Ефективний сонцезахисний крем із фільтром SPF 50, який захищає шкіру від ультрафіолетового випромінювання та водночас відновлює фотопошкодження (що вже наявні на шкірі!) на рівні ДНК.  \r\nДо складу входять відновлювальні ферменти, які активуються під впливом сонця.  Їхня робота полягає в тому, щоб відновити та виправити пошкодження на клітинному рівні. \r\n ▫️захист від сонця;\r\n ▫️відновлення пошкодженої шкіри;\r\n ▫️попередження фотостаріння;\r\n ▫️для всіх типів шкіри, особливо нормальної та сухої.",
        "price": "1010.00",
        "popular": true,
        "available": true,
        "created": "2023-05-21T11:02:57.154Z",
        "updated": "2023-05-21T11:02:57.154Z"
    }
},
{
    "model": "shop.product",
    "pk": 27,
    "fields": {
        "name": "VITALISE Moisture Intense Serum",
        "slug": "vitalise-moisture-intense-serum",
        "brnd": 1,
        "line": 12,
        "cat": 5,
        "description": "Зволожуюча, підтягуюча сироватка з гіалуроновою кислотою, регуляторним пептидом і екстрактами лікарських рослин. Справжній еліксир молодості з високим вмістом активних інгредієнтів, уповільнює процеси старіння шкіри, забезпечує максимальне зволоження",
        "ingredients": "Ацетілтетрапептід 5 Гіалуронат натрію HL-HA Triple complex® Гідролізований пшеничний протеїн Екстракт бурих водоростей Екстракт грейпфрута Екстракт зеленого чаю Екстракт кореня дикого ямсу Екстракт солодки Екстракт центелли азіатської Олія бразильського г",
        "image": "products/2023/05/23/vitalise-moisture-intense-serum-30-ml.webp",
        "properties": "Зволожуюча, підтягуюча сироватка з гіалуроновою кислотою, регуляторним пептидом і екстрактами лікарських рослин. Справжній еліксир молодості з високим вмістом активних інгредієнтів, уповільнює процеси старіння шкіри, забезпечує максимальне зволоження, виражений ліфтинговий ефект, розгладжує зморшки і заповнює їх зсередини, швидко відновлює пошкоджену, суху шкіру.\r\n\r\nЗастосування: наносити тонким шаром щодня на очищену шкіру, служить чудовою основою під макіяж. Ідеально доглядає і за шкірою губ.\r\n\r\nАктивні інгредієнти:\r\nАцетілтетрапептід 5 Гіалуронат натрію HL-HA Triple complex® Гідролізований пшеничний протеїн Екстракт бурих водоростей Екстракт грейпфрута Екстракт зеленого чаю Екстракт кореня дикого ямсу Екстракт солодки Екстракт центелли азіатської Олія бразильського горіха Токоферол (Вітамін Е)",
        "price": "2480.00",
        "popular": true,
        "available": true,
        "created": "2023-05-23T07:55:23.906Z",
        "updated": "2023-06-29T18:22:03.506Z"
    }
},
{
    "model": "shop.product",
    "pk": 28,
    "fields": {
        "name": "Крем – гель для обличчя Sesderma Factor G Renew Rejuvenating Gel Cream 50 мл",
        "slug": "krem-gel-dlya-oblichchya-sesderma-factor-g-renew-rejuvenating-gel-cream-50-ml",
        "brnd": 2,
        "line": 13,
        "cat": 4,
        "description": "Крем розгладжує мімічні та статичні зморшки, прискорює процеси регенерації та інтенсивно зволожує. Він має заспокійливі та протизапальні властивості.",
        "ingredients": "Вітамін Е, міметичні пептиди, фактори росту (TIMP-2, TGF-β2, EGF, HGH, IGF, TRX, GM-CSF), стовбурові клітини Malus domestica, екстракт із Centella asiatica, квертицин, ерготіонеїн, птеростильбен",
        "image": "products/2023/05/24/sesderma_factor_G.png",
        "properties": "Крем-гель Фактор Джи від Sesderma призначений для підвищення пружності, скорочення зморшок і відновлення водного балансу шкіри комбінованого типу з першими ознаками старіння.\r\nЗасіб надає 👩‍🎤 регенеруючий живильний зволожуюча та антиоксидантна дія\r\nстимулює 🧜‍♀️процеси вироблення клітинами шкіри колагену, еластину, гіалуронової кислоти\r\nа також інших речовин, 🧚‍♀️ необхідним для підтримки здоров'я та молодості шкіри.\r\nФактор Джи крем-гель від Sesderma🦋\r\n дозволяє без відвідування косметолога усунути перші ознаки вікових змін шкіри і запобігти їх розвитку, а також поліпшити її загальний стан шкіри. Крем-гель   ‍♀️сприяє відновленню структури, нейтралізації негативного впливу вільних радикалів та підвищенню 💪захисних сил шкіри\r\nНевелику кількість крем-геля 🏄‍♀️ нанести на попередньо очищену шкіру.\r\nВикористовувати при необхідності 1-2 десь у день.\r\n☝️ Для отримання більш вираженого ефекту рекомендується використовувати в комплексі із сироваткою та іншими засобами лінійки Фактор Джи.\r\nСклад🌿\r\nВітамін Е, міметичні пептиди, фактори росту (TIMP-2, TGF-β2, EGF, HGH, IGF, TRX, GM-CSF), стовбурові клітини Malus domestica, екстракт із Centella asiatica, квертицин, ерготіонеїн, птеростильбен.\r\n\r\nОб'єм: 50 мл",
        "price": "1700.00",
        "popular": false,
        "available": true,
        "created": "2023-05-24T13:48:22.450Z",
        "updated": "2023-05-24T14:19:40.612Z"
    }
},
{
    "model": "shop.product",
    "pk": 29,
    "fields": {
        "name": "Крем-контур навколо очей та губ Sesderma Factor G Renew Eye Contour 15 мл",
        "slug": "krem-kontur-navkolo-ochej-ta-gub-sesderma-factor-g-renew-eye-contour-15-ml",
        "brnd": 2,
        "line": 13,
        "cat": 4,
        "description": "Sesderma Factor G Renew Eye Contour – це крем-контур для зони навколо очей зменшує глибину мімічних зморшок, зволожує шкіру, прибирає припухлості та пігментацію. Рекомендований для шкіри будь-якого типу з першими ознаками старіння, у тому числі для зневод",
        "ingredients": "Фактори зростання (TGF-B2, HGH, GM-CSF), миметичні пептиди останнього покоління, стовбурові клітини яблуні домашньої, екстракт центелли азіатської, ерготионеїн, вітамін Е, кверцетин, птеростільбен",
        "image": "products/2023/05/24/Factor_G_contur_eye.png",
        "properties": "Тендітна шкіра контурів очей помітно розгладжується та наповнюється чудовим сяянням. Зволоження шкіри – запорука довгої молодості та гарного зовнішнього вигляду.\r\n\r\nSesderma Factor G Renew Eye Contour – це крем-контур для зони навколо очей зменшує глибину мімічних зморшок, зволожує шкіру, прибирає припухлості та пігментацію. Рекомендований для шкіри будь-якого типу з першими ознаками старіння, у тому числі для зневодненої та чутливої.\r\n\r\nМіметичні пептиди, натуральні фактори росту TGF-beta2, HGH, GM-CSF, TIMP-2, EGF та стовбурові клітини яблуні Malus Domestica значно підвищують вироблення колагену, повертають шкірі еластичність, і рівний колір обличчя. \r\n\r\nПтеростильбен та ерготіонеїн мають антиоксидантну дію, нейтралізують наслідки впливу агресивного довкілля на шкіру.\r\n\r\nВітамін K у формі K-1 покращує мікроциркуляцію в тканинах шкіри, зміцнює стінки капілярів та зменшує темні кола під очима. \r\n\r\nВітамін E відновлює ліпідний шар, перешкоджає лущенню, зневодненню та появі нових зморшок.\r\n\r\nКрем-контур для зони навколо очей необхідно використовувати разом із іншими засобами Sesderma Factor G — так ви зможете забезпечити своїй шкірі молодість та надійний захист.\r\n\r\nАктивні компоненти\r\n\r\nФактори зростання (TGF-B2, HGH, GM-CSF), миметичні пептиди останнього покоління, стовбурові клітини яблуні домашньої, екстракт центелли азіатської, ерготионеїн, вітамін Е, кверцетин, птеростільбен.\r\nмиттєво наповнює втомлену шкіру чудовим сяянням\r\nзволожує тендітну шкіру навколо очей\r\nпомітно зменшує темні кола під очима\r\nстимулює синтез колагену й еластину\r\nсприяє розгладженню зморшок навколо очей\r\nдарує шкірі свіжість і сяяння\r\nзасіб розроблений з використанням технології NANOTECH ™",
        "price": "1000.00",
        "popular": true,
        "available": true,
        "created": "2023-05-24T14:14:24.275Z",
        "updated": "2023-05-24T14:18:58.357Z"
    }
},
{
    "model": "shop.product",
    "pk": 30,
    "fields": {
        "name": "Ліпосомальна сироватка Sesderma Factor G Renew Lipid Bubbles Serum 30 мл",
        "slug": "liposomalna-sirovatka-sesderma-factor-g-renew-lipid-bubbles-serum-30-ml",
        "brnd": 2,
        "line": 13,
        "cat": 4,
        "description": "Цей сильний антивіковий концентрат не тільки стимулює відновлення клітин, але перш за все помітно зменшує зморшки. Окрім того, він утричі збільшує вироблення колагену й еластину, поступово надаючи шкірі міцності та пружності.",
        "ingredients": "Фактори росту, масло солодкого мигдалю, масло ши, вітамін Е, стовбурові клітини яблуні, пальмотоілтріпептид-3, стовбурові клітини синьоголовника приморського, екстракт пельветії каналікулату, екстракт центелли азіатської, лецитин.",
        "image": "products/2023/05/24/Factor_G_Serum.png",
        "properties": "Ліпосомальна сироватка Sesderma Factor G Renew Lipid Bubbles Serum – інтенсивний зволожуючий продукт, який живить шкірний покрив та оберігає від зневоднення. Компоненти засобу мають яскраво виражені омолоджуючі характеристики, вони розгладжують зморшки, підтягують, покращують контури обличчя і вирівнюють тон епідермісу. Сироватка рекомендована для всіх типів шкіри із першими ознаками старіння.\r\n\r\nЕрготіонеїн, кверцетин та птеростильбен захищають волокна колагену від деградації та мають антиоксидантну дію. Шкіра краще переносить будь-які агресивні дії — від забрудненого довкілля до інсоляції. \r\n\r\nФактори росту TGF-beta2, HGH, GM-CSF, TIMP-2, EGF покращують синтез колагену та еластину, повертаючи шкірі еластичність та підтягнутість. Зменшують глибину вже існуючих зморшок і запобігають появі нових.\r\n\r\nЩитолисник азійський — має розгладжувальні та відновлювальні властивості.\r\n\r\nВикористовуйте антивікову ліпосомальну сироватку разом з базовим доглядом Sesderma Factor G — так ви досягнете швидкого та довгострокового антивікового ефекту.\r\n\r\nАктивні компоненти\r\n\r\nФактори росту, масло солодкого мигдалю, масло ши, вітамін Е, стовбурові клітини яблуні, пальмотоілтріпептид-3, стовбурові клітини синьоголовника приморського, екстракт пельветії каналікулату, екстракт центелли азіатської, лецитин.\r\nВластивості:\r\n\r\n• усього за 28 днів помітно зміцнює шкіру;\r\n• стимулює відновлювальні процеси в шкірі;\r\n• утричі збільшує вироблення колагену й еластину;\r\n• підтримує пружність і зволоження шкіри;\r\n• помітно зменшує появу зморшок\r\nнадає шкірі молодого та свіжого вигляду.\r\n                Переваги\r\nредукує зморшки й інші ознаки старіння\r\nнадає шкірі міцності, пружності та природного сяйва\r\nзабезпечує інтенсивне та глибоке пом’якшення шкіри\r\nзавдяки нанотехнологіям діє в усіх шарах шкіри\r\nмиттєво покращує вигляд і тон шкіри\r\nстимулює відновлювальні процеси в шкірі\r\nутричі збільшує вироблення колагену й еластину\r\nпідтримує пружність і зволоження шкіри\r\nпомітно зменшує появу зморшок\r\nнадає шкірі молодого та свіжого вигляду",
        "price": "1890.00",
        "popular": false,
        "available": true,
        "created": "2023-05-24T14:28:31.873Z",
        "updated": "2023-05-24T14:28:31.873Z"
    }
},
{
    "model": "shop.product",
    "pk": 31,
    "fields": {
        "name": "Azelac маска проти почервоніння",
        "slug": "azelac-maska-proti-pochervoninnya",
        "brnd": 2,
        "line": 6,
        "cat": 4,
        "description": "Рекомендується для підтримки лікування розацеа та куперозу, зменшує еритему при ломких капілярах. Підходить для чутливої, сильної до подразнень шкіри, покращує тон та активно зволожує.",
        "ingredients": "гіалуронова кислота, ніацинамід, аскорбілглюкозид, масло жожоба, ретинилпальмітат, транексамова кислота",
        "image": "products/2023/05/24/azelac_antirednes_maska.jpg",
        "properties": "Azelac маска проти почервоніння\r\nРекомендується для підтримки лікування розацеа та куперозу, зменшує еритему при ломких капілярах. Підходить для чутливої, сильної до подразнень шкіри, покращує тон та активно зволожує. \r\nАктивні інгредієнти: гіалуронова кислота, ніацинамід, аскорбілглюкозид, масло жожоба, ретинилпальмітат, транексамова кислота. \r\n75 мл",
        "price": "1000.00",
        "popular": false,
        "available": true,
        "created": "2023-05-24T14:37:03.586Z",
        "updated": "2023-05-24T14:37:03.586Z"
    }
},
{
    "model": "shop.product",
    "pk": 32,
    "fields": {
        "name": "Medi+Derma Anti-Aging Intensive Cream",
        "slug": "mediderma-anti-aging-intensive-cream",
        "brnd": 3,
        "line": 5,
        "cat": 4,
        "description": "Крем проти зморщок для зрілої шкіри, надає зволожуючу та регенеруючу дію, покращує тургор шкіри. Удосконалена формула поєднує ефективність чистого ретинолу з вітаміном С, що збільшує виділення колагену і стимулює розвиток епідермісу",
        "ingredients": "▪️Ретинол 0,25%: ▪️Мімічні пептиди ▪️Аскорбил глюкозид ▪️Босвеллієві кислоти ▪️Ретинілпропіонат ▪️Глокопротеїди",
        "image": "products/2023/05/25/mediderma_antiaging_krem.jpg",
        "properties": "Крем проти зморщок для зрілої шкіри, надає зволожуючу та регенеруючу дію, покращує тургор шкіри. Удосконалена формула поєднує ефективність чистого ретинолу з вітаміном С, що збільшує виділення колагену і стимулює розвиток епідермісу.\r\n \r\nІнтенсивний anti age засіб, освітлює пігментні плями, покращує еластичність, пришвидшує клітинний метаболізм і сприяє регенерації. Застосовувати тільки на ніч.\r\n \r\nСклад:\r\n▪️Ретинол 0,25%:\r\n▪️Мімічні пептиди\r\n▪️Аскорбил глюкозид\r\n▪️Босвеллієві кислоти\r\n▪️Ретинілпропіонат\r\n▪️Глокопротеїди\r\n\r\nОб'єм: 30 мл",
        "price": "1300.00",
        "popular": false,
        "available": true,
        "created": "2023-05-25T07:20:45.890Z",
        "updated": "2023-05-25T07:20:45.890Z"
    }
},
{
    "model": "shop.product",
    "pk": 33,
    "fields": {
        "name": "MEDIDerma Ultra Firming Body Milk",
        "slug": "mediderma-ultra-firming-body-milk",
        "brnd": 3,
        "line": 5,
        "cat": 8,
        "description": "MEDIDerma Ultra Firming Body Milk (250 мл)- препарат для профилактики и лечения дряблости тела",
        "ingredients": "DMAE Молочная кислота",
        "image": "products/2023/05/25/medikremdmae.jpg",
        "properties": "MEDIDerma Ultra Firming Body Milk (250 мл)- препарат для профилактики и лечения дряблости тела.\r\n\r\n🧚🏻♀️Если есть товар, который вы не можете пропустить в своей косметичке в это время года, это наш укрепляющий крем для тела\r\n❤️Его главный активный компонент🔥 DMAE:\r\n✅стимулюе синтез коллагена, уменьшая морщины и повышая эластичность кожи.\r\n🧖♀️После его нанесения кожа выглядит упругой и гладкой, \r\n✅Помогает предотвратить дряблость кожи рук, ног, ягодиц, груди и живота.\r\n\r\nСостав: \r\nDMAE\r\nМолочная кислота\r\n\r\nДва механизма воздействия ДМАЭ.\r\n1. Увеличивает высвобождение ацетилхолина-нейромедиатора, уровень которого снижается с возрастом и отвечает за мышечный тонус.\r\n2. Стимулирует синтез коллагена, что способствует улучшению тонуса кожи.",
        "price": "1200.00",
        "popular": false,
        "available": true,
        "created": "2023-05-25T07:30:01.106Z",
        "updated": "2023-05-25T07:30:01.106Z"
    }
},
{
    "model": "shop.product",
    "pk": 34,
    "fields": {
        "name": "SILKSES Skin moisturizing protector",
        "slug": "silkses-skin-moisturizing-protector",
        "brnd": 2,
        "line": 11,
        "cat": 8,
        "description": "SILKSES зволожуючий🦋крем - протектор 👍для усіх типів шкіри .",
        "ingredients": "силіконові полімери, вітамін А+ Е+С, екстракт алое і мімози",
        "image": "products/2023/05/25/SILKSES-Skin-moisturizing-protector.jpg",
        "properties": "SILKSES зволожуючий🦋крем - протектор 👍для усіх типів шкіри .\r\nСКЛАД ☝️:\r\n📝силіконові полімери\r\n📝вітамін А+ Е+С 📝екстракт алое і мімози\r\nПОКАЗАННЯ☝️:❗️Попередньо нанести перед дерматологічними й естетичними процедурами на найбільш чутливі ділянки шкіри. ❗️Пост- догляд ( епіталізуючі властивості ) після дерматологічних й естетичних процедур. 👩‍⚕️Профілактика й лікування рубців , келоїдів , язв та інших пошкоджень шкіри. ❗️Зволоження для дуже сухої шкіри ( радіодерміт)\r\nВЛАСТИВОСТІ☝️ :\r\n👩‍⚕️Його формула розроблена спеціально , щоб створити захисний бар’єр на шкірі який захищає від хімічних агентів зовнішнього середовища. При використанні після процедур зволожує шкіру і пришвидшує процес природньої регенерації шкіри .\r\n🔴СИЛІКОН пом’якшує і освітлює гіпертрофічні і келоїдні рубці, зволожує і запобігає проліферації фібробластів .\r\n✅Вітамін A активізує ріст клітин і клітковий обмін, стимулюючи проліферацію колагену . 🔴Вітаміни С і Е здійснюють антиоксидантну дію, активують регенерацію шкіри.\r\n🔴ЕКСТРАКТ МИМОЗИ і АЛОЄ володіють регенеративними , заспокоюючими властивостями , освіжають і заспокоюють шкіру.\r\n\r\nОб'єм: 30 мл",
        "price": "860.00",
        "popular": false,
        "available": true,
        "created": "2023-05-25T13:14:07.030Z",
        "updated": "2023-05-25T13:14:07.031Z"
    }
},
{
    "model": "shop.product",
    "pk": 35,
    "fields": {
        "name": "C-Vit Intensive Serum SesDerma",
        "slug": "c-vit-intensive-serum-sesderma",
        "brnd": 2,
        "line": 9,
        "cat": 4,
        "description": "Інтенсивна сироватка 12% в ампулах. ✨  C-Vit Intensive Serum SesDerma -  шокова терапія з 12% чистого вітаміну С для інтенсивного освітлення.",
        "ingredients": "Propylene Glycol, Ascorbic Acid",
        "image": "products/2023/05/26/syvorotka-mgnovennogo-deystvija-sesderma-c-vit-intensive-serum.webp",
        "properties": "Інтенсивна сироватка 12% в ампулах. ✨\r\n C-Vit Intensive Serum SesDerma -\r\n шокова терапія з 12% чистого вітаміну С для інтенсивного освітлення.  \r\n 🍊 Шокова терапія для будь-якого типу шкіри, сухої, нормальної, змішаної і жирної.\r\n 🍊 Негайний ефект, шкіра стає яскравою, покращується зовнішній вигляд.\r\n 🍊 Антиоксидантна дія\r\n 🍊 Підтягує, зволожує.  Вітамін C підсилює захисний властивості від впливу навколишнього середовища.\r\n 🍊 Для шкіри схильної до пігментації, меланодермії, хлоазми\r\n 🍊 Прекрасне доповнення до інших продуктів освітлення та депігментації.\r\n 🍊 Хороший засіб для відновлення шкіри після пілінгу і косметичних процедур.\r\n ❕Застосування: дом.догляд, під апарати, під маски, між шарами пілінгу Ferulac і т.п.\r\n Упаковка:💥10 ампул з піпетками по 1,5 мл",
        "price": "961.00",
        "popular": false,
        "available": true,
        "created": "2023-05-26T17:39:14.852Z",
        "updated": "2023-05-26T17:39:14.852Z"
    }
},
{
    "model": "shop.product",
    "pk": 36,
    "fields": {
        "name": "Sesderma SALISES Dermatological bar",
        "slug": "sesderma-salises-dermatological-bar",
        "brnd": 2,
        "line": 11,
        "cat": 4,
        "description": "МИЛО, ЯКЕ ЕФЕКТИВНО ОЧИЩАЄ ШКІРУ З СЕБОРЕЄЮ І АКНЕ - Sesderma SALISES Dermatological bar. Володіє комедонолітичнею і протизапальною дією",
        "ingredients": "ZEA MAYS (CORN) STARCH, POTASSIUM LAURYL SULFATE, CETEARYL ALCOHOL, SODIUM LAURYL SULFATE, AQUA (WATER), HYDROGENATED CASTOR OIL, GLYCERIN, SALICYLIC ACID, PARFUM (FRAGRANCE), PARAFFINUM LIQUIDUM (MINERAL OIL), COCAMIDOPROPYL BETAINE, POTASSIUM PHOSPHATE,",
        "image": "products/2023/05/26/soap_sesderma.png",
        "properties": "МИЛО, ЯКЕ ЕФЕКТИВНО ОЧИЩАЄ ШКІРУ З СЕБОРЕЄЮ І АКНЕ - Sesderma SALISES Dermatological bar. Володіє комедонолітичнею і протизапальною дією.\r\n⠀\r\n📌 Щоденне очищення для себорейной і схильної до акне шкіри.\r\n📌 Профілактика і терапія для змішаної / жирної і схильної до акне шкіри.\r\n\r\n☑️ Може застосовуватися самостійно або в поєднанні з іншим засобом антиакне.\r\n\r\n✔️ Регулює сальну секрецію, видаляє забруднення і покращує стан висипань акне. \r\n❗️Не володіє фоточутливістю.\r\n⠀\r\n☝️Склад: \r\n🔹саліцилова кислота - має протизапальну, відлущуючу дію.\r\n🔹молочна кислота - продукт біоферментації, який надає м'який вплив на шкірні покриви.\r\n⠀\r\n❗Застосування: нанести на шкіру, помасажувати протягом 10-30 с, змити водою.\r\n⠀\r\nОб’єм: 100гр\r\n⠀\r\nВиробник: Іспанія",
        "price": "650.00",
        "popular": false,
        "available": true,
        "created": "2023-05-26T17:45:59.954Z",
        "updated": "2023-05-26T17:45:59.954Z"
    }
},
{
    "model": "shop.product",
    "pk": 37,
    "fields": {
        "name": "Sesderma Acnises Young Gel Cream 50 мл",
        "slug": "sesderma-acnises-young-gel-cream-50-ml",
        "brnd": 2,
        "line": 11,
        "cat": 4,
        "description": "Крем-гель для молодої проблемної шкіри нормалізує вироблення себуму, заспокоює шкіру та прискорює процес регенерації, підтримуючи шкіру однотонною та матовою. Рекомендований для використання як підліткам, так і дорослим без явних вікових змін шкіри.",
        "ingredients": "Aqua, Ppg-15 Stearyl Ether, Niacinamide, Pentylene Glycol, Arachidyl Alcohol, Behenyl Alcohol, Acrylamide/sodium Acryloyldimethyltaurate Copolymer, Arachidyl Glucoside, Salicylic Acid, Phytosphingosine, C13-14 Isoparaffin, Triclosan, Lactose, Laureth-17,",
        "image": "products/2023/06/17/sesderma_yung_crem_gel.png",
        "properties": "Крем-гель для молодої проблемної шкіри нормалізує вироблення себуму, заспокоює шкіру та прискорює процес регенерації, підтримуючи шкіру однотонною та матовою. Рекомендований для використання як підліткам, так і дорослим без явних вікових змін шкіри.\r\n\r\nАктивні інгредієнти\r\n\r\n— Саліцилова кислота відлущує шкіру і розчиняє надлишок шкірного жиру в забитих порах. Завдяки цьому чорні точки стають менш помітними, а активні запалення проходять швидше і не залишають після себе пігментації та шрамів.\r\n— Ніацинамід та молочні пептиди зменшують осередки запалень, заспокоюють подразнену та ушкоджену шкіру, прискорюють її загоєння та вирівнюють її загальний тон.\r\n\r\n• Глибоко зволожує і заспокоює шкіру, не викликаючи жирного блиску.\r\n\r\n• Надає ексфолюючу, бактеріостатичну, камедоналітичну, кератолітичну, антисептичну, протизапальну та загоюючу дію.\r\n\r\n• Вирівнює текстуру шкіри, покращує колір обличчя та надає легку матовість.\r\n• Бореться з причинами виникнення недоліків і поступово повертає шкірі здоровий сяючий вигляд\r\nОб'єм: 50 мл",
        "price": "995.00",
        "popular": false,
        "available": true,
        "created": "2023-06-17T13:25:38.101Z",
        "updated": "2023-06-17T13:25:38.101Z"
    }
},
{
    "model": "shop.product",
    "pk": 38,
    "fields": {
        "name": "Fillderma ONE нано-крем філер",
        "slug": "fillderma-one-nano-krem-filer",
        "brnd": 2,
        "line": 14,
        "cat": 4,
        "description": "Крем для заповнення зморшок з наносферами гіалуронової кислоти.  Препарат вирізняється ефектом ботокса, він чудово заповнює всі зморшки, живить, зволожує і підтягує шкіру, надаючи їй гладенького, природного вигляду.",
        "ingredients": "наносфери гіалуронової кислоти двох молекулярних мас (високої та дуже низької молекулярної маси), комплекс SESaflash, комплекс Algisium C, пальмітоїл трипептид-5 (SYN-Coll), органічний кремній, колаген, еластин, ніацінамід, ферментований чорний чай, сечов",
        "image": "products/2023/06/17/sesderma_fillderma.jpg",
        "properties": "Що, якби був крем, який заповнював би зморшки, не вдаючись до ін'єкцій❓\r\n\r\nВін вже існує і називається Fillderma ONE нано-крем філер! \r\n\r\nFillderma діє як миттєво і глибоко, так і пролонговано. Має ефект «заповнення» зморшок, підтягує, розгладжує та інтенсивно зволожує шкіру 💫\r\n\r\nМістить активи, які борються зі зморшками на 4 різних рівнях: епідермісу, дермо-епідермального шару, дерми та підшкірної клітковини🔝\r\n\r\n📌 Sesderma Fillderma виступає як ідеальна альтернатива мікроін'єкцій гіалуронової кислоти пролонгує та посилює їх дію✨\r\n\r\n🔎 Завдяки ефективній формулі на основі: наносфер гіалуронової кислоти двох молекулярних мас, комплексу Algisium C, пептиду SYN-Coll, комплексу SESaflash, морського еластину, ніацинаміду, органічного кремнію та азіатської центелли, Fillderma:\r\n\r\n⚪️ Має ефект «заповнення» зморшок, зменшує їх глибину як на поверхні шкіри, так і зсередини, і запобігає появі нових;\r\n\r\n⚪️ Забеспечує миттєвий та пролонгований тензорний ефект;\r\n\r\n⚪️ Має інтенсивну багаторівневу зволожуючу дію, як миттєву, на поверхні шкіри, так і пролонговану, в глибоких шарах шкіри;\r\n\r\n⚪️ Регенерує та реструктурує дермальний матрикс, стимулюючи синтез колагену, еластину, фібронектину та гіалуронової кислоти, речовин, виробництво яких з віком зменшується;\r\n\r\n⚪️ Збільшує згуртованість клітин, надає довгострокову тонізуючу дію, ущільнює та наповнює зсередини;\r\n\r\n⚪️ Підвищує тургор, пружність та еластичність шкіри;\r\n\r\n⚪️ Після першого ж нанесення шкіра стає більш гладкою, м'якою, пружною і набуває гарного тону.\r\n\r\nТехнологія інкапсулювання в ліпосоми нано розмірів (ексклюзивна технологія Nanotech від Sesderma) дозволяє доставляти активні компоненти в глибокі шари шкіри, де вони вивільняються, справляючи найкращий ефект.\r\n\r\n🔎 Склад: наносфери гіалуронової кислоти двох молекулярних мас (високої та дуже низької молекулярної маси), комплекс SESaflash, комплекс Algisium C, пальмітоїл трипептид-5 (SYN-Coll), органічний кремній, колаген, еластин, ніацінамід, ферментований чорний чай, сечовина, екстракт центели азіатської, гідролізат протеїнів кунжуту.\r\n\r\nОб'єм: 50 мл",
        "price": "1952.00",
        "popular": false,
        "available": true,
        "created": "2023-06-17T13:38:30.238Z",
        "updated": "2023-06-17T13:38:30.239Z"
    }
},
{
    "model": "shop.product",
    "pk": 39,
    "fields": {
        "name": "Mediderma Intensive Gel Sebum Regulator",
        "slug": "mediderma-intensive-gel-sebum-regulator",
        "brnd": 3,
        "line": 11,
        "cat": 1,
        "description": "Інтенсивний себорегулюючий гель для обличчя Mediderma Intensive Gel Sebum Regulator створений для нічного догляду за жирною та комбінованою шкірою.",
        "ingredients": "Ретинол чинить легку лущення, прискорює загоєння висипань, а також прибирає рубці постакне.   〰️Гліциризинова кислота має заспокійливу та протинабрякову дію.   〰️Гіалуронова кислота глибоко зволожує шкіру та повертає їй еластичність.",
        "image": "products/2023/06/17/medi_intensive.jpg",
        "properties": "Інтенсивний себорегулюючий гель для обличчя Mediderma Intensive Gel Sebum Regulator створений для нічного догляду за жирною та комбінованою шкірою. \r\n\r\n📍Завдяки тому, що активні інгредієнти «запечатані» в ліпосоми гель діє безпосередньо на шкірні залози та ефективно зменшує ознаки акне. \r\n\r\n〰️Ретинол чинить легку лущення, прискорює загоєння висипань, а також прибирає рубці постакне. \r\n\r\n〰️Гліциризинова кислота має заспокійливу та протинабрякову дію. \r\n\r\n〰️Гіалуронова кислота глибоко зволожує шкіру та повертає їй еластичність. \r\n\r\n✨Як використовувати: \r\nПісля вечірнього вмивання нанесіть гель на чисту шкіру. Можна використовувати на все обличчя або використовувати локально на проблемних ділянках.\r\n\r\nОб'єм: 30 мл",
        "price": "1589.00",
        "popular": false,
        "available": true,
        "created": "2023-06-17T13:46:16.742Z",
        "updated": "2023-06-17T13:46:16.742Z"
    }
},
{
    "model": "shop.product",
    "pk": 40,
    "fields": {
        "name": "Нічний крем для обличчя Sesderma Serenity Night Cream",
        "slug": "nichnij-krem-dlya-oblichchya-sesderma-serenity-night-cream",
        "brnd": 2,
        "line": 11,
        "cat": 4,
        "description": "Зволожує та відновлює тьмяну втомлену шкіру у години відпочинку.  Знімає сліди втоми та стресу, повертає обличчю свіжий вигляд. Насичує тканини вологою та антиоксидантами, прискорює регенерацію пошкоджень. Розгладжує мімічні зморшки, уповільнює старіння т",
        "ingredients": "Активні компоненти: Мелатонін, гіалуронова кислота, лецитин, токоферол лактат натрію, комплекс амінокислот, екстракт білого лотоса.",
        "image": "products/2023/08/09/Sesderma_serenity_night_cream.jpg",
        "properties": "Нічний крем для обличчя Sesderma Serenity Night Cream\r\n зволожує та відновлює тьмяну втомлену шкіру у години відпочинку.\r\n\r\nЗнімає сліди втоми та стресу, повертає обличчю свіжий вигляд. Насичує тканини вологою та антиоксидантами, прискорює регенерацію пошкоджень. Розгладжує мімічні зморшки, уповільнює старіння та покращує колір обличчя. Крім того, активні компоненти крему проникають в тканини та діють ефективно.\r\n\r\nМелатонін знімає ознаки втоми та стресу, допомагає шкірі швидше відновлюватись у нічний час. На ранок обличчя виглядає свіжим і відпочившим.\r\n\r\nГіалуронова кислота насичує тканини вологою, зменшує глибину мімічних зморшок. Робить обличчя свіжим і сяючим, перешкоджає появі сухості та лущення.\r\n\r\nЛактат натрію, комплекс амінокислот, екстракти білого та синього лотоса — заспокійливі компоненти. Знімають свербіння, почервоніння та подразнення, повертають обличчю доглянутий вигляд.\r\n\r\nЛецитин та токоферол — антиоксиданти. Захищають шкіру від вільних радикалів, уповільнюють старіння та покращують колір обличчя.\r\n\r\nТрипептид-32 стимулює процес розподілу клітин та прискорює регенерацію шкіри. Загоює пошкодження, має ліфтинг ефект.\r\n\r\n\r\nАктивні компоненти:\r\nМелатонін, гіалуронова кислота, лецитин, токоферол лактат натрію, комплекс амінокислот, екстракт білого лотоса.\r\n\r\nПереваги:\r\n\r\n• знімає сліди втоми та стресу\r\n• повертає обличчю свіжий вигляд\r\n• насичує тканини вологою та антиоксидантами\r\n• прискорює регенерацію пошкоджень\r\n• розгладжує мімічні зморшки\r\n• уповільнює процес старіння\r\n• покращує колір обличчя\r\n• знімає свербіння, почервоніння та подразнення\r\n\r\nОб'єм: 50 мл",
        "price": "1325.00",
        "popular": false,
        "available": true,
        "created": "2023-08-09T09:33:41.908Z",
        "updated": "2023-08-09T09:33:41.908Z"
    }
},
{
    "model": "shop.product",
    "pk": 41,
    "fields": {
        "name": "Ліпосомальна сироватка   30 мл",
        "slug": "liposomalna-sirovatka-30-ml",
        "brnd": 3,
        "line": 11,
        "cat": 4,
        "description": "ЛІПОСОМАЛЬНА СИРОВАТКА, яка здійснює інтенсивну антиоксидантну терапію та підходить для усіх типів шкіри",
        "ingredients": "ферулова кислота, флоретин, вітаміни А+С.",
        "image": "products/2023/08/09/Mediderma_liposomalna.jpg",
        "properties": "🧬ЛІПОСОМАЛЬНА СИРОВАТКА, яка здійснює інтенсивну антиоксидантну терапію та підходить для усіх типів шкіри🔝\r\n✔️Склад: ферулова кислота, флоретин, вітаміни А+С.\r\n🍇РЕСВЕРАТРОЛ - це потужний натуральний поліфенольний антиоксидант, який отримують з виноградної лози. До речі, саме цей активний компонент захищає лозу від інфекцій та згубного впливу ультрафіолетового випромінювання.А чим корисний ресверарол для нашої шкіри? \r\n\r\n🍇Ресвератрол активує сиртуїни - протеїни, які відповідають за відновлення пошкоджених клітин епідермісу.🧬А саме основне, пригнічує вироблення ферментів, які руйнують колаген! Крім того, ресвератрол природньо є стійкою сполукою, тому крем з ресвератролом не потребує шкідливих стабілізаторів.\r\n\r\n❕ІДЕБЕНОН-аналог коензиму Q10. Коензим Q10,сполука, яку виробляє печінка за сприятливих умов  харчування,для стимулювання утворення головної енергетичної молекули - аденозинтрифосфату.👌Також він уповільнює процеси окислення.\r\n\r\n 30 мл",
        "price": "1787.00",
        "popular": false,
        "available": true,
        "created": "2023-08-09T09:49:12.326Z",
        "updated": "2023-08-09T09:49:12.327Z"
    }
},
{
    "model": "orders.order",
    "pk": 1,
    "fields": {
        "first_name": "userkar",
        "last_name": "Dub",
        "phone_number": "5768432222",
        "email": "dd@ddd.ddd",
        "address": "siracuse",
        "postal_code": "",
        "city": "Київ",
        "created": "2023-04-12T20:02:03.590Z",
        "updated": "2023-04-12T20:02:03.590Z",
        "message": "",
        "paid": false
    }
},
{
    "model": "orders.order",
    "pk": 2,
    "fields": {
        "first_name": "Василь",
        "last_name": "Майор",
        "phone_number": "+380504717811",
        "email": "mayor_v@ukr.net",
        "address": "вул. Юрія Шумського",
        "postal_code": "",
        "city": "Київ",
        "created": "2023-04-29T12:43:50.187Z",
        "updated": "2023-05-06T19:52:22.876Z",
        "message": "",
        "paid": true
    }
},
{
    "model": "orders.order",
    "pk": 3,
    "fields": {
        "first_name": "Татьяна",
        "last_name": "Прошкина",
        "phone_number": "5768432222",
        "email": "dd@ddd.ddd",
        "address": "село Гришки",
        "postal_code": "",
        "city": "Київ",
        "created": "2023-04-29T13:09:02.447Z",
        "updated": "2023-04-29T13:09:02.447Z",
        "message": "",
        "paid": true
    }
},
{
    "model": "orders.order",
    "pk": 4,
    "fields": {
        "first_name": "Сірожа",
        "last_name": "Нілін",
        "phone_number": "444555666",
        "email": "dd@ddd.ddd",
        "address": "ереікоукноуоне",
        "postal_code": "",
        "city": "Київ",
        "created": "2023-04-29T19:07:48.797Z",
        "updated": "2023-04-29T19:07:48.797Z",
        "message": "",
        "paid": false
    }
},
{
    "model": "orders.order",
    "pk": 5,
    "fields": {
        "first_name": "Сірожа",
        "last_name": "Нілін",
        "phone_number": "0444555666",
        "email": "dd@ddd.ddd",
        "address": "ереікоукноуоне",
        "postal_code": "",
        "city": "Київ",
        "created": "2023-04-29T19:48:50.395Z",
        "updated": "2023-04-29T19:48:50.395Z",
        "message": "",
        "paid": true
    }
},
{
    "model": "orders.order",
    "pk": 6,
    "fields": {
        "first_name": "Татьяна",
        "last_name": "Прошкина",
        "phone_number": "5768432222",
        "email": "dd@ddd.ddd",
        "address": "село Гришки",
        "postal_code": "",
        "city": "Київ",
        "created": "2023-04-29T20:09:39.404Z",
        "updated": "2023-04-29T20:09:39.404Z",
        "message": "Good luck",
        "paid": false
    }
},
{
    "model": "orders.order",
    "pk": 7,
    "fields": {
        "first_name": "Діма",
        "last_name": "Фролов",
        "phone_number": "333444555",
        "email": "dd@ddd.ddd",
        "address": "Вугледар",
        "postal_code": "",
        "city": "Київ",
        "created": "2023-04-30T10:09:17.679Z",
        "updated": "2023-04-30T10:09:17.679Z",
        "message": "Хочу крем",
        "paid": true
    }
},
{
    "model": "orders.order",
    "pk": 8,
    "fields": {
        "first_name": "Діма",
        "last_name": "Фролов",
        "phone_number": "0333444555",
        "email": "dd@ddd.ddd",
        "address": "Вугледар",
        "postal_code": "",
        "city": "Київ",
        "created": "2023-05-01T20:12:39.690Z",
        "updated": "2023-05-01T20:12:39.690Z",
        "message": "Хочу",
        "paid": false
    }
},
{
    "model": "orders.order",
    "pk": 9,
    "fields": {
        "first_name": "Татьяна",
        "last_name": "Прошкина",
        "phone_number": "5768432222",
        "email": "dd@ddd.ddd",
        "address": "село Гришки",
        "postal_code": "",
        "city": "Київ",
        "created": "2023-05-02T10:04:15.452Z",
        "updated": "2023-05-02T10:04:15.452Z",
        "message": "Okey",
        "paid": false
    }
},
{
    "model": "orders.order",
    "pk": 10,
    "fields": {
        "first_name": "Гарун",
        "last_name": "Рашид",
        "phone_number": "879567324",
        "email": "art12@i.net",
        "address": "Скадовск",
        "postal_code": "",
        "city": "Київ",
        "created": "2023-05-05T13:46:02.143Z",
        "updated": "2023-05-06T19:52:56.892Z",
        "message": "Хочу получить по Новой почте.",
        "paid": true
    }
},
{
    "model": "orders.order",
    "pk": 11,
    "fields": {
        "first_name": "Света",
        "last_name": "Кравченко",
        "phone_number": "0555666888",
        "email": "sveta@ukr.net",
        "address": "вул. Бандери",
        "postal_code": "",
        "city": "Київ",
        "created": "2023-05-07T18:50:53.618Z",
        "updated": "2023-05-07T18:50:53.618Z",
        "message": "Нова пошта 159 Київ",
        "paid": false
    }
},
{
    "model": "orders.order",
    "pk": 12,
    "fields": {
        "first_name": "Василь",
        "last_name": "Майор",
        "phone_number": "+380504717811",
        "email": "mayor_v@ukr.net",
        "address": "вул. Юрія Шумського",
        "postal_code": "",
        "city": "Київ",
        "created": "2023-05-13T16:56:51.590Z",
        "updated": "2023-05-13T16:56:51.590Z",
        "message": "ok",
        "paid": false
    }
},
{
    "model": "orders.order",
    "pk": 13,
    "fields": {
        "first_name": "Василь",
        "last_name": "Майор",
        "phone_number": "+380504717811",
        "email": "mayor_v@ukr.net",
        "address": "вул. Юрія Шумського",
        "postal_code": "",
        "city": "Київ",
        "created": "2023-05-17T09:33:51.550Z",
        "updated": "2023-05-17T09:33:51.550Z",
        "message": "Перевірка 17.05.23",
        "paid": false
    }
},
{
    "model": "orders.order",
    "pk": 14,
    "fields": {
        "first_name": "Василь",
        "last_name": "Майор",
        "phone_number": "+380504717811",
        "email": "mayor_v@ukr.net",
        "address": "вул. Юрія Шумського",
        "postal_code": "",
        "city": "Київ",
        "created": "2023-05-20T19:34:43.059Z",
        "updated": "2023-05-20T19:34:43.059Z",
        "message": "Привіт. Можна швидше?",
        "paid": true
    }
},
{
    "model": "orders.order",
    "pk": 15,
    "fields": {
        "first_name": "Василь",
        "last_name": "Майор",
        "phone_number": "+380504717811",
        "email": "mayor_v@ukr.net",
        "address": "вул. Юрія Шумського",
        "postal_code": "",
        "city": "Київ",
        "created": "2023-06-06T13:08:50.056Z",
        "updated": "2023-06-06T13:08:50.056Z",
        "message": "Заверніть в газету",
        "paid": false
    }
},
{
    "model": "orders.order",
    "pk": 16,
    "fields": {
        "first_name": "Василь",
        "last_name": "Майор",
        "phone_number": "+380504717811",
        "email": "mayor_v@ukr.net",
        "address": "вул. Юрія Шумського",
        "postal_code": "",
        "city": "Київ",
        "created": "2023-06-07T12:51:39.988Z",
        "updated": "2023-06-07T12:51:39.988Z",
        "message": "Нарешті",
        "paid": false
    }
},
{
    "model": "orders.order",
    "pk": 17,
    "fields": {
        "first_name": "Сіньор",
        "last_name": "Помидор",
        "phone_number": "096 456 7788",
        "email": "san@diego.san",
        "address": "Ямайка",
        "postal_code": "",
        "city": "Київ",
        "created": "2023-06-07T12:58:23.983Z",
        "updated": "2023-06-07T12:58:23.983Z",
        "message": "Дуже потрібно!",
        "paid": false
    }
},
{
    "model": "orders.order",
    "pk": 18,
    "fields": {
        "first_name": "www",
        "last_name": "eee",
        "phone_number": "5555666",
        "email": "dd@ddd.ddd",
        "address": "faert",
        "postal_code": "",
        "city": "Київ",
        "created": "2023-06-07T13:10:48.134Z",
        "updated": "2023-06-07T13:10:48.134Z",
        "message": "thrwthwrh",
        "paid": true
    }
},
{
    "model": "orders.order",
    "pk": 19,
    "fields": {
        "first_name": "Гость",
        "last_name": "Нема",
        "phone_number": "0992686754",
        "email": "dse@dud.dab",
        "address": "Куба 2",
        "postal_code": "",
        "city": "Київ",
        "created": "2023-06-07T13:17:07.393Z",
        "updated": "2023-06-07T13:17:07.393Z",
        "message": "regtehtw",
        "paid": false
    }
},
{
    "model": "orders.order",
    "pk": 20,
    "fields": {
        "first_name": "Гість",
        "last_name": "Нема",
        "phone_number": "0992686754",
        "email": "hhd@udd.ess",
        "address": "Куба 2",
        "postal_code": "",
        "city": "Київ",
        "created": "2023-06-07T13:22:08.935Z",
        "updated": "2023-06-07T13:22:08.935Z",
        "message": "sproba",
        "paid": false
    }
},
{
    "model": "orders.order",
    "pk": 21,
    "fields": {
        "first_name": "Гість",
        "last_name": "Нема",
        "phone_number": "0992686754",
        "email": "hh@uu.ee",
        "address": "Куба 2",
        "postal_code": "",
        "city": "Київ",
        "created": "2023-06-07T13:40:09.518Z",
        "updated": "2023-06-07T13:40:09.518Z",
        "message": "reyewy",
        "paid": false
    }
},
{
    "model": "orders.order",
    "pk": 22,
    "fields": {
        "first_name": "Катя",
        "last_name": "Зая",
        "phone_number": "4444567887",
        "email": "ddd@gop.di",
        "address": "Замок",
        "postal_code": "",
        "city": "Київ",
        "created": "2023-06-07T13:48:14.803Z",
        "updated": "2023-06-07T13:48:14.803Z",
        "message": "Тоскую",
        "paid": false
    }
},
{
    "model": "orders.order",
    "pk": 23,
    "fields": {
        "first_name": "Василь",
        "last_name": "Майор",
        "phone_number": "+380504717811",
        "email": "mayor_v@ukr.net",
        "address": "вул. Юрія Шумського",
        "postal_code": "",
        "city": "Київ",
        "created": "2023-06-07T18:00:14.490Z",
        "updated": "2023-06-07T18:00:14.490Z",
        "message": "21.00",
        "paid": false
    }
},
{
    "model": "orders.order",
    "pk": 24,
    "fields": {
        "first_name": "Василь",
        "last_name": "Майор",
        "phone_number": "+380504717811",
        "email": "mayor_v@ukr.net",
        "address": "вул. Юрія Шумського",
        "postal_code": "",
        "city": "Київ",
        "created": "2023-06-07T18:00:51.646Z",
        "updated": "2023-06-07T18:00:51.646Z",
        "message": "21.00",
        "paid": false
    }
},
{
    "model": "orders.order",
    "pk": 25,
    "fields": {
        "first_name": "Василь",
        "last_name": "Майор",
        "phone_number": "+380504717811",
        "email": "mayor_v@ukr.net",
        "address": "вул. Юрія Шумського",
        "postal_code": "",
        "city": "Київ",
        "created": "2023-06-07T18:12:06.537Z",
        "updated": "2023-06-07T18:12:06.537Z",
        "message": "ццц",
        "paid": false
    }
},
{
    "model": "orders.order",
    "pk": 26,
    "fields": {
        "first_name": "Сіньор",
        "last_name": "Помидор",
        "phone_number": "0964567788",
        "email": "san@diego.san",
        "address": "Ямайка",
        "postal_code": "",
        "city": "Київ",
        "created": "2023-06-07T18:14:14.620Z",
        "updated": "2023-06-07T18:14:14.620Z",
        "message": "fhstrhj",
        "paid": false
    }
},
{
    "model": "orders.order",
    "pk": 27,
    "fields": {
        "first_name": "Наташа",
        "last_name": "Майор",
        "phone_number": "067 147 2942",
        "email": "natashop.ukr@gmail.com",
        "address": "Київ, Шумського, 4",
        "postal_code": "",
        "city": "Київ",
        "created": "2023-06-07T18:40:09.460Z",
        "updated": "2023-06-07T18:40:09.460Z",
        "message": "Дебют",
        "paid": false
    }
},
{
    "model": "orders.order",
    "pk": 28,
    "fields": {
        "first_name": "Наташа",
        "last_name": "Майор",
        "phone_number": "0671472942",
        "email": "natashop.ukr@gmail.com",
        "address": "Київ, Шумського, 4",
        "postal_code": "",
        "city": "Київ",
        "created": "2023-06-07T18:51:55.638Z",
        "updated": "2023-06-07T18:51:55.638Z",
        "message": "2",
        "paid": false
    }
},
{
    "model": "orders.order",
    "pk": 29,
    "fields": {
        "first_name": "Гість",
        "last_name": "Нема",
        "phone_number": "0992686754",
        "email": "hh@u.ey",
        "address": "Куба 2",
        "postal_code": "",
        "city": "Київ",
        "created": "2023-06-07T19:14:47.615Z",
        "updated": "2023-06-07T19:14:47.615Z",
        "message": "hywtr",
        "paid": false
    }
},
{
    "model": "orders.order",
    "pk": 30,
    "fields": {
        "first_name": "Наташа",
        "last_name": "Майор",
        "phone_number": "0671472942",
        "email": "natashop.ukr@gmail.com",
        "address": "Київ, Шумського, 4",
        "postal_code": "",
        "city": "Київ",
        "created": "2023-06-12T16:23:14.485Z",
        "updated": "2023-06-12T16:23:14.485Z",
        "message": "33",
        "paid": false
    }
},
{
    "model": "orders.order",
    "pk": 31,
    "fields": {
        "first_name": "Наташа",
        "last_name": "Майор",
        "phone_number": "0671472942",
        "email": "natashop.ukr@gmail.com",
        "address": "Київ, Шумського, 4",
        "postal_code": "",
        "city": "Київ",
        "created": "2023-06-13T07:04:41.169Z",
        "updated": "2023-06-13T07:04:41.169Z",
        "message": "гшпшзп",
        "paid": false
    }
},
{
    "model": "orders.order",
    "pk": 32,
    "fields": {
        "first_name": "thtrhrh",
        "last_name": "thjhyjt",
        "phone_number": "0999888771",
        "email": "ddd@ddd.fff",
        "address": "rimi",
        "postal_code": "",
        "city": "Київ",
        "created": "2023-06-18T20:27:53.353Z",
        "updated": "2023-06-18T20:27:53.353Z",
        "message": "3t5t5",
        "paid": false
    }
},
{
    "model": "orders.order",
    "pk": 33,
    "fields": {
        "first_name": "gt",
        "last_name": "th",
        "phone_number": "33",
        "email": "ddd@ddd.ff",
        "address": "thjjj",
        "postal_code": "",
        "city": "Київ",
        "created": "2023-06-18T20:29:55.997Z",
        "updated": "2023-06-18T20:29:55.997Z",
        "message": "rhtht",
        "paid": false
    }
},
{
    "model": "orders.order",
    "pk": 34,
    "fields": {
        "first_name": "1",
        "last_name": "1",
        "phone_number": "1",
        "email": "ddd@ddd.fff",
        "address": "ss",
        "postal_code": "",
        "city": "Київ",
        "created": "2023-06-19T15:06:10.085Z",
        "updated": "2023-06-19T15:06:10.085Z",
        "message": "ss",
        "paid": false
    }
},
{
    "model": "orders.order",
    "pk": 35,
    "fields": {
        "first_name": "1",
        "last_name": "1",
        "phone_number": "1",
        "email": "s@ddd.dd",
        "address": "1",
        "postal_code": "",
        "city": "Київ",
        "created": "2023-06-19T15:07:52.322Z",
        "updated": "2023-06-19T15:07:52.322Z",
        "message": "1",
        "paid": false
    }
},
{
    "model": "orders.order",
    "pk": 36,
    "fields": {
        "first_name": "1",
        "last_name": "1",
        "phone_number": "5",
        "email": "1@ggg.dd",
        "address": "1",
        "postal_code": "",
        "city": "Київ",
        "created": "2023-06-19T15:15:17.605Z",
        "updated": "2023-06-19T15:15:17.605Z",
        "message": "1",
        "paid": false
    }
},
{
    "model": "orders.orderitem",
    "pk": 1,
    "fields": {
        "order": 1,
        "product": 3,
        "price": "120.00",
        "quantity": 1
    }
},
{
    "model": "orders.orderitem",
    "pk": 2,
    "fields": {
        "order": 2,
        "product": 7,
        "price": "1600.00",
        "quantity": 1
    }
},
{
    "model": "orders.orderitem",
    "pk": 3,
    "fields": {
        "order": 2,
        "product": 8,
        "price": "870.00",
        "quantity": 1
    }
},
{
    "model": "orders.orderitem",
    "pk": 4,
    "fields": {
        "order": 3,
        "product": 3,
        "price": "120.00",
        "quantity": 1
    }
},
{
    "model": "orders.orderitem",
    "pk": 5,
    "fields": {
        "order": 3,
        "product": 9,
        "price": "500.00",
        "quantity": 1
    }
},
{
    "model": "orders.orderitem",
    "pk": 6,
    "fields": {
        "order": 4,
        "product": 12,
        "price": "1248.00",
        "quantity": 1
    }
},
{
    "model": "orders.orderitem",
    "pk": 7,
    "fields": {
        "order": 5,
        "product": 5,
        "price": "1300.00",
        "quantity": 1
    }
},
{
    "model": "orders.orderitem",
    "pk": 8,
    "fields": {
        "order": 6,
        "product": 8,
        "price": "870.00",
        "quantity": 1
    }
},
{
    "model": "orders.orderitem",
    "pk": 9,
    "fields": {
        "order": 7,
        "product": 13,
        "price": "971.00",
        "quantity": 1
    }
},
{
    "model": "orders.orderitem",
    "pk": 10,
    "fields": {
        "order": 8,
        "product": 8,
        "price": "870.00",
        "quantity": 2
    }
},
{
    "model": "orders.orderitem",
    "pk": 11,
    "fields": {
        "order": 8,
        "product": 14,
        "price": "5000.00",
        "quantity": 1
    }
},
{
    "model": "orders.orderitem",
    "pk": 12,
    "fields": {
        "order": 8,
        "product": 10,
        "price": "500.00",
        "quantity": 1
    }
},
{
    "model": "orders.orderitem",
    "pk": 13,
    "fields": {
        "order": 9,
        "product": 11,
        "price": "1000.00",
        "quantity": 2
    }
},
{
    "model": "orders.orderitem",
    "pk": 14,
    "fields": {
        "order": 10,
        "product": 14,
        "price": "5000.00",
        "quantity": 1
    }
},
{
    "model": "orders.orderitem",
    "pk": 15,
    "fields": {
        "order": 11,
        "product": 8,
        "price": "870.00",
        "quantity": 1
    }
},
{
    "model": "orders.orderitem",
    "pk": 16,
    "fields": {
        "order": 11,
        "product": 14,
        "price": "5000.00",
        "quantity": 1
    }
},
{
    "model": "orders.orderitem",
    "pk": 17,
    "fields": {
        "order": 12,
        "product": 16,
        "price": "740.00",
        "quantity": 1
    }
},
{
    "model": "orders.orderitem",
    "pk": 18,
    "fields": {
        "order": 13,
        "product": 21,
        "price": "1660.00",
        "quantity": 1
    }
},
{
    "model": "orders.orderitem",
    "pk": 19,
    "fields": {
        "order": 13,
        "product": 22,
        "price": "1785.00",
        "quantity": 1
    }
},
{
    "model": "orders.orderitem",
    "pk": 20,
    "fields": {
        "order": 14,
        "product": 17,
        "price": "1200.00",
        "quantity": 1
    }
},
{
    "model": "orders.orderitem",
    "pk": 21,
    "fields": {
        "order": 14,
        "product": 22,
        "price": "1785.00",
        "quantity": 1
    }
},
{
    "model": "orders.orderitem",
    "pk": 22,
    "fields": {
        "order": 14,
        "product": 8,
        "price": "870.00",
        "quantity": 1
    }
},
{
    "model": "orders.orderitem",
    "pk": 23,
    "fields": {
        "order": 14,
        "product": 21,
        "price": "1660.00",
        "quantity": 1
    }
},
{
    "model": "orders.orderitem",
    "pk": 24,
    "fields": {
        "order": 15,
        "product": 21,
        "price": "1660.00",
        "quantity": 2
    }
},
{
    "model": "orders.orderitem",
    "pk": 25,
    "fields": {
        "order": 15,
        "product": 3,
        "price": "1130.00",
        "quantity": 3
    }
},
{
    "model": "orders.orderitem",
    "pk": 26,
    "fields": {
        "order": 16,
        "product": 35,
        "price": "961.00",
        "quantity": 2
    }
},
{
    "model": "orders.orderitem",
    "pk": 27,
    "fields": {
        "order": 17,
        "product": 34,
        "price": "860.00",
        "quantity": 1
    }
},
{
    "model": "orders.orderitem",
    "pk": 28,
    "fields": {
        "order": 17,
        "product": 2,
        "price": "900.00",
        "quantity": 1
    }
},
{
    "model": "orders.orderitem",
    "pk": 29,
    "fields": {
        "order": 18,
        "product": 4,
        "price": "1100.00",
        "quantity": 1
    }
},
{
    "model": "orders.orderitem",
    "pk": 30,
    "fields": {
        "order": 19,
        "product": 17,
        "price": "1200.00",
        "quantity": 1
    }
},
{
    "model": "orders.orderitem",
    "pk": 31,
    "fields": {
        "order": 19,
        "product": 22,
        "price": "1785.00",
        "quantity": 1
    }
},
{
    "model": "orders.orderitem",
    "pk": 32,
    "fields": {
        "order": 20,
        "product": 33,
        "price": "1200.00",
        "quantity": 1
    }
},
{
    "model": "orders.orderitem",
    "pk": 33,
    "fields": {
        "order": 21,
        "product": 21,
        "price": "1660.00",
        "quantity": 1
    }
},
{
    "model": "orders.orderitem",
    "pk": 34,
    "fields": {
        "order": 22,
        "product": 32,
        "price": "1300.00",
        "quantity": 1
    }
},
{
    "model": "orders.orderitem",
    "pk": 35,
    "fields": {
        "order": 23,
        "product": 36,
        "price": "650.00",
        "quantity": 1
    }
},
{
    "model": "orders.orderitem",
    "pk": 36,
    "fields": {
        "order": 25,
        "product": 4,
        "price": "1100.00",
        "quantity": 1
    }
},
{
    "model": "orders.orderitem",
    "pk": 37,
    "fields": {
        "order": 26,
        "product": 30,
        "price": "1890.00",
        "quantity": 1
    }
},
{
    "model": "orders.orderitem",
    "pk": 38,
    "fields": {
        "order": 27,
        "product": 18,
        "price": "1300.00",
        "quantity": 1
    }
},
{
    "model": "orders.orderitem",
    "pk": 39,
    "fields": {
        "order": 28,
        "product": 32,
        "price": "1300.00",
        "quantity": 1
    }
},
{
    "model": "orders.orderitem",
    "pk": 40,
    "fields": {
        "order": 29,
        "product": 34,
        "price": "860.00",
        "quantity": 1
    }
},
{
    "model": "orders.orderitem",
    "pk": 41,
    "fields": {
        "order": 30,
        "product": 21,
        "price": "1660.00",
        "quantity": 2
    }
},
{
    "model": "orders.orderitem",
    "pk": 42,
    "fields": {
        "order": 31,
        "product": 31,
        "price": "1000.00",
        "quantity": 2
    }
},
{
    "model": "orders.orderitem",
    "pk": 43,
    "fields": {
        "order": 31,
        "product": 2,
        "price": "900.00",
        "quantity": 1
    }
},
{
    "model": "orders.orderitem",
    "pk": 44,
    "fields": {
        "order": 32,
        "product": 35,
        "price": "961.00",
        "quantity": 1
    }
},
{
    "model": "orders.orderitem",
    "pk": 45,
    "fields": {
        "order": 32,
        "product": 38,
        "price": "1952.00",
        "quantity": 1
    }
},
{
    "model": "orders.orderitem",
    "pk": 46,
    "fields": {
        "order": 33,
        "product": 4,
        "price": "1100.00",
        "quantity": 1
    }
},
{
    "model": "orders.orderitem",
    "pk": 47,
    "fields": {
        "order": 34,
        "product": 21,
        "price": "1660.00",
        "quantity": 1
    }
},
{
    "model": "orders.orderitem",
    "pk": 48,
    "fields": {
        "order": 35,
        "product": 14,
        "price": "5000.00",
        "quantity": 1
    }
},
{
    "model": "orders.orderitem",
    "pk": 49,
    "fields": {
        "order": 36,
        "product": 2,
        "price": "900.00",
        "quantity": 1
    }
},
{
    "model": "easy_thumbnails.source",
    "pk": 1,
    "fields": {
        "storage_hash": "f9bde26a1556cd667f742bd34ec7c55e",
        "name": "products/2023/05/06/sunbrella_30_dark.jpg",
        "modified": "2023-06-12T16:23:47.424Z"
    }
},
{
    "model": "easy_thumbnails.source",
    "pk": 2,
    "fields": {
        "storage_hash": "f9bde26a1556cd667f742bd34ec7c55e",
        "name": "products/2023/05/06/suntogo30.jpg",
        "modified": "2023-06-07T12:55:43.978Z"
    }
},
{
    "model": "easy_thumbnails.source",
    "pk": 3,
    "fields": {
        "storage_hash": "f9bde26a1556cd667f742bd34ec7c55e",
        "name": "products/2023/05/06/sunbrellademimakdark.jpg",
        "modified": "2023-06-06T13:06:39.629Z"
    }
},
{
    "model": "easy_thumbnails.source",
    "pk": 4,
    "fields": {
        "storage_hash": "f9bde26a1556cd667f742bd34ec7c55e",
        "name": "products/2023/05/06/suntogo50.jpg",
        "modified": "2023-06-02T16:03:17.508Z"
    }
},
{
    "model": "easy_thumbnails.source",
    "pk": 5,
    "fields": {
        "storage_hash": "f9bde26a1556cd667f742bd34ec7c55e",
        "name": "products/2023/04/22/azelac14-2.jpg",
        "modified": "2023-05-24T15:55:32.434Z"
    }
},
{
    "model": "easy_thumbnails.source",
    "pk": 6,
    "fields": {
        "storage_hash": "f9bde26a1556cd667f742bd34ec7c55e",
        "name": "products/2023/04/22/azelac13.jpg",
        "modified": "2023-05-23T09:47:59.600Z"
    }
},
{
    "model": "easy_thumbnails.source",
    "pk": 7,
    "fields": {
        "storage_hash": "f9bde26a1556cd667f742bd34ec7c55e",
        "name": "products/2023/04/22/aselac27-1.jpg",
        "modified": "2023-05-24T15:55:32.456Z"
    }
},
{
    "model": "easy_thumbnails.source",
    "pk": 8,
    "fields": {
        "storage_hash": "f9bde26a1556cd667f742bd34ec7c55e",
        "name": "products/2023/05/13/cremcvitsesderma.jpg",
        "modified": "2023-06-07T18:33:12.545Z"
    }
},
{
    "model": "easy_thumbnails.source",
    "pk": 9,
    "fields": {
        "storage_hash": "f9bde26a1556cd667f742bd34ec7c55e",
        "name": "products/2023/04/26/15.jpeg",
        "modified": "2023-05-22T15:02:52.467Z"
    }
},
{
    "model": "easy_thumbnails.source",
    "pk": 10,
    "fields": {
        "storage_hash": "f9bde26a1556cd667f742bd34ec7c55e",
        "name": "products/2023/04/26/17-3.jpg",
        "modified": "2023-05-23T07:27:20.111Z"
    }
},
{
    "model": "easy_thumbnails.source",
    "pk": 11,
    "fields": {
        "storage_hash": "f9bde26a1556cd667f742bd34ec7c55e",
        "name": "products/2023/05/01/d865aa210264f1d85fb4dc9ebea4189f-700x500_1.jpg",
        "modified": "2023-05-24T18:52:31.080Z"
    }
},
{
    "model": "easy_thumbnails.source",
    "pk": 12,
    "fields": {
        "storage_hash": "f9bde26a1556cd667f742bd34ec7c55e",
        "name": "products/2023/05/16/sesderma_azelac_fluid.png",
        "modified": "2023-05-24T15:55:32.408Z"
    }
},
{
    "model": "easy_thumbnails.source",
    "pk": 13,
    "fields": {
        "storage_hash": "f9bde26a1556cd667f742bd34ec7c55e",
        "name": "products/2023/05/16/sesderma_cvit_fluid.webp",
        "modified": "2023-06-07T13:14:40.238Z"
    }
},
{
    "model": "easy_thumbnails.source",
    "pk": 14,
    "fields": {
        "storage_hash": "f9bde26a1556cd667f742bd34ec7c55e",
        "name": "products/2023/05/13/SesC_Vit.jpg",
        "modified": "2023-06-02T16:25:46.348Z"
    }
},
{
    "model": "easy_thumbnails.source",
    "pk": 15,
    "fields": {
        "storage_hash": "f9bde26a1556cd667f742bd34ec7c55e",
        "name": "products/2023/05/13/ampuly-s-glikolevoy-kislotoy-protiv-stareniya-sesderma-acglicolic.webp",
        "modified": "2023-06-07T13:12:27.435Z"
    }
},
{
    "model": "easy_thumbnails.source",
    "pk": 16,
    "fields": {
        "storage_hash": "f9bde26a1556cd667f742bd34ec7c55e",
        "name": "products/2023/04/26/28.jpg",
        "modified": "2023-05-23T07:20:12.046Z"
    }
},
{
    "model": "easy_thumbnails.source",
    "pk": 17,
    "fields": {
        "storage_hash": "f9bde26a1556cd667f742bd34ec7c55e",
        "name": "products/2023/05/13/sescontur.jpg",
        "modified": "2023-05-22T14:03:10.662Z"
    }
},
{
    "model": "easy_thumbnails.source",
    "pk": 18,
    "fields": {
        "storage_hash": "f9bde26a1556cd667f742bd34ec7c55e",
        "name": "products/2023/05/13/sesliposoma.jpg",
        "modified": "2023-06-02T16:25:46.523Z"
    }
},
{
    "model": "easy_thumbnails.source",
    "pk": 19,
    "fields": {
        "storage_hash": "f9bde26a1556cd667f742bd34ec7c55e",
        "name": "products/2023/04/26/7.jpeg",
        "modified": "2023-05-22T14:57:57.888Z"
    }
},
{
    "model": "easy_thumbnails.source",
    "pk": 20,
    "fields": {
        "storage_hash": "f9bde26a1556cd667f742bd34ec7c55e",
        "name": "products/2023/04/26/19-5-300x300.jpg",
        "modified": "2023-05-22T14:57:57.925Z"
    }
},
{
    "model": "easy_thumbnails.source",
    "pk": 21,
    "fields": {
        "storage_hash": "f9bde26a1556cd667f742bd34ec7c55e",
        "name": "products/2023/05/13/SeSDerma_Daeses_Immediate_Lifting_Effect_Serum3.jpg",
        "modified": "2023-05-23T07:28:01.062Z"
    }
},
{
    "model": "easy_thumbnails.source",
    "pk": 22,
    "fields": {
        "storage_hash": "f9bde26a1556cd667f742bd34ec7c55e",
        "name": "products/2023/04/26/11-2_1.jpg",
        "modified": "2023-05-22T14:57:57.959Z"
    }
},
{
    "model": "easy_thumbnails.source",
    "pk": 23,
    "fields": {
        "storage_hash": "f9bde26a1556cd667f742bd34ec7c55e",
        "name": "products/2023/05/18/azelac_lotion2.png",
        "modified": "2023-05-24T15:56:25.531Z"
    }
},
{
    "model": "easy_thumbnails.source",
    "pk": 24,
    "fields": {
        "storage_hash": "f9bde26a1556cd667f742bd34ec7c55e",
        "name": "products/2023/05/18/sirovatca_azelac.jpg",
        "modified": "2023-05-24T15:55:32.447Z"
    }
},
{
    "model": "easy_thumbnails.source",
    "pk": 25,
    "fields": {
        "storage_hash": "f9bde26a1556cd667f742bd34ec7c55e",
        "name": "products/2023/05/20/aselac_samay.png",
        "modified": "2023-05-23T07:28:01.028Z"
    }
},
{
    "model": "easy_thumbnails.source",
    "pk": 26,
    "fields": {
        "storage_hash": "f9bde26a1556cd667f742bd34ec7c55e",
        "name": "products/2023/05/21/sesderma_spf.png",
        "modified": "2023-05-24T18:51:58.740Z"
    }
},
{
    "model": "easy_thumbnails.source",
    "pk": 27,
    "fields": {
        "storage_hash": "f9bde26a1556cd667f742bd34ec7c55e",
        "name": "categories/2023/04/28/dom3.jpg",
        "modified": "2023-05-22T09:43:17.521Z"
    }
},
{
    "model": "easy_thumbnails.source",
    "pk": 28,
    "fields": {
        "storage_hash": "f9bde26a1556cd667f742bd34ec7c55e",
        "name": "categories/2023/05/21/-stock-photo-beautiful-female-body.jpg",
        "modified": "2023-05-22T09:43:17.588Z"
    }
},
{
    "model": "easy_thumbnails.source",
    "pk": 29,
    "fields": {
        "storage_hash": "f9bde26a1556cd667f742bd34ec7c55e",
        "name": "categories/2023/04/28/problem.jpg",
        "modified": "2023-05-22T09:43:17.624Z"
    }
},
{
    "model": "easy_thumbnails.source",
    "pk": 30,
    "fields": {
        "storage_hash": "f9bde26a1556cd667f742bd34ec7c55e",
        "name": "categories/2023/04/28/licuvalni.jpg",
        "modified": "2023-05-22T09:43:17.660Z"
    }
},
{
    "model": "easy_thumbnails.source",
    "pk": 31,
    "fields": {
        "storage_hash": "f9bde26a1556cd667f742bd34ec7c55e",
        "name": "categories/2023/04/28/sunnyprotect.jpg",
        "modified": "2023-05-22T09:43:17.696Z"
    }
},
{
    "model": "easy_thumbnails.source",
    "pk": 32,
    "fields": {
        "storage_hash": "f9bde26a1556cd667f742bd34ec7c55e",
        "name": "categories/2023/05/06/oldskin.jpg",
        "modified": "2023-05-22T09:43:17.730Z"
    }
},
{
    "model": "easy_thumbnails.source",
    "pk": 33,
    "fields": {
        "storage_hash": "f9bde26a1556cd667f742bd34ec7c55e",
        "name": "categories/2023/04/28/zvologu2.jpg",
        "modified": "2023-05-22T09:43:17.766Z"
    }
},
{
    "model": "easy_thumbnails.source",
    "pk": 34,
    "fields": {
        "storage_hash": "f9bde26a1556cd667f742bd34ec7c55e",
        "name": "categories/2023/05/21/stock-photo-nude-female.jpg",
        "modified": "2023-05-22T09:43:17.821Z"
    }
},
{
    "model": "easy_thumbnails.source",
    "pk": 35,
    "fields": {
        "storage_hash": "f9bde26a1556cd667f742bd34ec7c55e",
        "name": "categories/2023/05/22/likuvalna2.jpg",
        "modified": "2023-05-22T10:39:14.748Z"
    }
},
{
    "model": "easy_thumbnails.source",
    "pk": 36,
    "fields": {
        "storage_hash": "f9bde26a1556cd667f742bd34ec7c55e",
        "name": "products/2023/05/23/vitalise-moisture-intense-serum-30-ml.webp",
        "modified": "2023-06-02T16:25:46.317Z"
    }
},
{
    "model": "easy_thumbnails.source",
    "pk": 37,
    "fields": {
        "storage_hash": "f9bde26a1556cd667f742bd34ec7c55e",
        "name": "products/2023/05/24/Factor_G_contur_eye.png",
        "modified": "2023-05-24T18:52:44.866Z"
    }
},
{
    "model": "easy_thumbnails.source",
    "pk": 38,
    "fields": {
        "storage_hash": "f9bde26a1556cd667f742bd34ec7c55e",
        "name": "products/2023/05/24/azelac_antirednes_maska.jpg",
        "modified": "2023-06-07T12:50:48.545Z"
    }
},
{
    "model": "easy_thumbnails.source",
    "pk": 39,
    "fields": {
        "storage_hash": "f9bde26a1556cd667f742bd34ec7c55e",
        "name": "products/2023/05/24/sesderma_factor_G.png",
        "modified": "2023-05-24T15:51:57.232Z"
    }
},
{
    "model": "easy_thumbnails.source",
    "pk": 40,
    "fields": {
        "storage_hash": "f9bde26a1556cd667f742bd34ec7c55e",
        "name": "products/2023/05/24/Factor_G_Serum.png",
        "modified": "2023-06-02T16:25:46.487Z"
    }
},
{
    "model": "easy_thumbnails.source",
    "pk": 41,
    "fields": {
        "storage_hash": "f9bde26a1556cd667f742bd34ec7c55e",
        "name": "categories/2023/05/24/tilo.jpg",
        "modified": "2023-05-24T15:48:46.266Z"
    }
},
{
    "model": "easy_thumbnails.source",
    "pk": 42,
    "fields": {
        "storage_hash": "f9bde26a1556cd667f742bd34ec7c55e",
        "name": "products/2023/05/25/medikremdmae.jpg",
        "modified": "2023-06-02T16:02:44.670Z"
    }
},
{
    "model": "easy_thumbnails.source",
    "pk": 43,
    "fields": {
        "storage_hash": "f9bde26a1556cd667f742bd34ec7c55e",
        "name": "products/2023/05/25/mediderma_antiaging_krem.jpg",
        "modified": "2023-06-07T09:32:48.873Z"
    }
},
{
    "model": "easy_thumbnails.source",
    "pk": 44,
    "fields": {
        "storage_hash": "f9bde26a1556cd667f742bd34ec7c55e",
        "name": "products/2023/05/25/SILKSES-Skin-moisturizing-protector.jpg",
        "modified": "2023-06-07T12:55:30.467Z"
    }
},
{
    "model": "easy_thumbnails.source",
    "pk": 45,
    "fields": {
        "storage_hash": "f9bde26a1556cd667f742bd34ec7c55e",
        "name": "products/2023/05/26/syvorotka-mgnovennogo-deystvija-sesderma-c-vit-intensive-serum.webp",
        "modified": "2023-06-07T12:47:38.738Z"
    }
},
{
    "model": "easy_thumbnails.source",
    "pk": 46,
    "fields": {
        "storage_hash": "f9bde26a1556cd667f742bd34ec7c55e",
        "name": "products/2023/05/26/soap_sesderma.png",
        "modified": "2023-06-07T17:58:14.537Z"
    }
},
{
    "model": "easy_thumbnails.source",
    "pk": 47,
    "fields": {
        "storage_hash": "f9bde26a1556cd667f742bd34ec7c55e",
        "name": "products/2023/06/17/sesderma_fillderma.jpg",
        "modified": "2023-06-18T20:17:19.362Z"
    }
},
{
    "model": "easy_thumbnails.source",
    "pk": 48,
    "fields": {
        "storage_hash": "f9bde26a1556cd667f742bd34ec7c55e",
        "name": "products/2023/06/17/medi_intensive.jpg",
        "modified": "2023-06-17T13:46:40.826Z"
    }
},
{
    "model": "easy_thumbnails.source",
    "pk": 49,
    "fields": {
        "storage_hash": "f9bde26a1556cd667f742bd34ec7c55e",
        "name": "products/2023/06/17/sesderma_yung_crem_gel.png",
        "modified": "2023-06-17T13:46:40.898Z"
    }
},
{
    "model": "easy_thumbnails.source",
    "pk": 50,
    "fields": {
        "storage_hash": "f9bde26a1556cd667f742bd34ec7c55e",
        "name": "products/2023/08/09/Mediderma_liposomalna.jpg",
        "modified": "2023-08-09T09:50:25.777Z"
    }
},
{
    "model": "easy_thumbnails.source",
    "pk": 51,
    "fields": {
        "storage_hash": "f9bde26a1556cd667f742bd34ec7c55e",
        "name": "products/2023/08/09/Sesderma_serenity_night_cream.jpg",
        "modified": "2023-08-09T09:49:30.658Z"
    }
},
{
    "model": "easy_thumbnails.thumbnail",
    "pk": 1,
    "fields": {
        "storage_hash": "d26becbf46ac48eda79c7a39a13a02dd",
        "name": "products/2023/05/06\\sunbrella_30_dark.jpg.100x50_q85.jpg",
        "modified": "2023-05-15T14:50:03.836Z",
        "source": 1
    }
},
{
    "model": "easy_thumbnails.thumbnail",
    "pk": 2,
    "fields": {
        "storage_hash": "d26becbf46ac48eda79c7a39a13a02dd",
        "name": "products/2023/05/06\\suntogo30.jpg.100x50_q85.jpg",
        "modified": "2023-05-15T14:50:03.850Z",
        "source": 2
    }
},
{
    "model": "easy_thumbnails.thumbnail",
    "pk": 3,
    "fields": {
        "storage_hash": "d26becbf46ac48eda79c7a39a13a02dd",
        "name": "products/2023/05/06\\sunbrellademimakdark.jpg.100x50_q85.jpg",
        "modified": "2023-05-15T14:50:03.869Z",
        "source": 3
    }
},
{
    "model": "easy_thumbnails.thumbnail",
    "pk": 4,
    "fields": {
        "storage_hash": "d26becbf46ac48eda79c7a39a13a02dd",
        "name": "products/2023/05/06\\suntogo50.jpg.100x50_q85.jpg",
        "modified": "2023-05-15T14:50:03.883Z",
        "source": 4
    }
},
{
    "model": "easy_thumbnails.thumbnail",
    "pk": 5,
    "fields": {
        "storage_hash": "d26becbf46ac48eda79c7a39a13a02dd",
        "name": "products/2023/05/06\\sunbrella_30_dark.jpg.160x80_q85.jpg",
        "modified": "2023-05-15T14:52:03.963Z",
        "source": 1
    }
},
{
    "model": "easy_thumbnails.thumbnail",
    "pk": 6,
    "fields": {
        "storage_hash": "d26becbf46ac48eda79c7a39a13a02dd",
        "name": "products/2023/05/06\\suntogo30.jpg.160x80_q85.jpg",
        "modified": "2023-05-15T14:52:03.977Z",
        "source": 2
    }
},
{
    "model": "easy_thumbnails.thumbnail",
    "pk": 7,
    "fields": {
        "storage_hash": "d26becbf46ac48eda79c7a39a13a02dd",
        "name": "products/2023/05/06\\sunbrellademimakdark.jpg.160x80_q85.jpg",
        "modified": "2023-05-15T14:52:03.992Z",
        "source": 3
    }
},
{
    "model": "easy_thumbnails.thumbnail",
    "pk": 8,
    "fields": {
        "storage_hash": "d26becbf46ac48eda79c7a39a13a02dd",
        "name": "products/2023/05/06\\suntogo50.jpg.160x80_q85.jpg",
        "modified": "2023-05-15T14:52:04.004Z",
        "source": 4
    }
},
{
    "model": "easy_thumbnails.thumbnail",
    "pk": 9,
    "fields": {
        "storage_hash": "d26becbf46ac48eda79c7a39a13a02dd",
        "name": "products/2023/04/22\\azelac14-2.jpg.160x80_q85.jpg",
        "modified": "2023-05-15T15:02:10.871Z",
        "source": 5
    }
},
{
    "model": "easy_thumbnails.thumbnail",
    "pk": 10,
    "fields": {
        "storage_hash": "d26becbf46ac48eda79c7a39a13a02dd",
        "name": "products/2023/04/22\\azelac13.jpg.160x80_q85.jpg",
        "modified": "2023-05-15T15:02:10.911Z",
        "source": 6
    }
},
{
    "model": "easy_thumbnails.thumbnail",
    "pk": 11,
    "fields": {
        "storage_hash": "d26becbf46ac48eda79c7a39a13a02dd",
        "name": "products/2023/04/22\\aselac27-1.jpg.160x80_q85.jpg",
        "modified": "2023-05-15T15:02:10.946Z",
        "source": 7
    }
},
{
    "model": "easy_thumbnails.thumbnail",
    "pk": 12,
    "fields": {
        "storage_hash": "d26becbf46ac48eda79c7a39a13a02dd",
        "name": "products/2023/04/22\\azelac14-2.jpg.200x100_q85.jpg",
        "modified": "2023-05-15T15:14:23.053Z",
        "source": 5
    }
},
{
    "model": "easy_thumbnails.thumbnail",
    "pk": 13,
    "fields": {
        "storage_hash": "d26becbf46ac48eda79c7a39a13a02dd",
        "name": "products/2023/04/22\\azelac13.jpg.200x100_q85.jpg",
        "modified": "2023-05-15T15:14:23.074Z",
        "source": 6
    }
},
{
    "model": "easy_thumbnails.thumbnail",
    "pk": 14,
    "fields": {
        "storage_hash": "d26becbf46ac48eda79c7a39a13a02dd",
        "name": "products/2023/04/22\\aselac27-1.jpg.200x100_q85.jpg",
        "modified": "2023-05-15T15:14:23.093Z",
        "source": 7
    }
},
{
    "model": "easy_thumbnails.thumbnail",
    "pk": 15,
    "fields": {
        "storage_hash": "d26becbf46ac48eda79c7a39a13a02dd",
        "name": "products/2023/05/13\\cremcvitsesderma.jpg.200x100_q85.jpg",
        "modified": "2023-05-16T17:27:46.601Z",
        "source": 8
    }
},
{
    "model": "easy_thumbnails.thumbnail",
    "pk": 16,
    "fields": {
        "storage_hash": "d26becbf46ac48eda79c7a39a13a02dd",
        "name": "products/2023/05/06\\suntogo30.jpg.200x100_q85.jpg",
        "modified": "2023-05-16T20:36:17.996Z",
        "source": 2
    }
},
{
    "model": "easy_thumbnails.thumbnail",
    "pk": 17,
    "fields": {
        "storage_hash": "d26becbf46ac48eda79c7a39a13a02dd",
        "name": "products/2023/04/26\\15.jpeg.200x100_q85.jpg",
        "modified": "2023-05-16T20:36:18.022Z",
        "source": 9
    }
},
{
    "model": "easy_thumbnails.thumbnail",
    "pk": 18,
    "fields": {
        "storage_hash": "d26becbf46ac48eda79c7a39a13a02dd",
        "name": "products/2023/04/26\\17-3.jpg.200x100_q85.jpg",
        "modified": "2023-05-16T20:36:18.044Z",
        "source": 10
    }
},
{
    "model": "easy_thumbnails.thumbnail",
    "pk": 19,
    "fields": {
        "storage_hash": "d26becbf46ac48eda79c7a39a13a02dd",
        "name": "products/2023/05/01\\d865aa210264f1d85fb4dc9ebea4189f-700x500_1.jpg.200x100_q85.jpg",
        "modified": "2023-05-16T20:42:56.048Z",
        "source": 11
    }
},
{
    "model": "easy_thumbnails.thumbnail",
    "pk": 20,
    "fields": {
        "storage_hash": "d26becbf46ac48eda79c7a39a13a02dd",
        "name": "products/2023/05/16\\sesderma_azelac_fluid.png.200x100_q85.png",
        "modified": "2023-05-16T20:42:56.184Z",
        "source": 12
    }
},
{
    "model": "easy_thumbnails.thumbnail",
    "pk": 21,
    "fields": {
        "storage_hash": "d26becbf46ac48eda79c7a39a13a02dd",
        "name": "products/2023/05/16\\sesderma_cvit_fluid.webp.200x100_q85.jpg",
        "modified": "2023-05-16T20:42:56.238Z",
        "source": 13
    }
},
{
    "model": "easy_thumbnails.thumbnail",
    "pk": 22,
    "fields": {
        "storage_hash": "d26becbf46ac48eda79c7a39a13a02dd",
        "name": "products/2023/05/06\\sunbrella_30_dark.jpg.200x100_q85.jpg",
        "modified": "2023-05-16T20:42:56.268Z",
        "source": 1
    }
},
{
    "model": "easy_thumbnails.thumbnail",
    "pk": 23,
    "fields": {
        "storage_hash": "d26becbf46ac48eda79c7a39a13a02dd",
        "name": "products/2023/05/06\\sunbrellademimakdark.jpg.200x100_q85.jpg",
        "modified": "2023-05-16T20:42:56.300Z",
        "source": 3
    }
},
{
    "model": "easy_thumbnails.thumbnail",
    "pk": 24,
    "fields": {
        "storage_hash": "d26becbf46ac48eda79c7a39a13a02dd",
        "name": "products/2023/05/06\\suntogo50.jpg.200x100_q85.jpg",
        "modified": "2023-05-16T20:42:56.330Z",
        "source": 4
    }
},
{
    "model": "easy_thumbnails.thumbnail",
    "pk": 25,
    "fields": {
        "storage_hash": "d26becbf46ac48eda79c7a39a13a02dd",
        "name": "products/2023/05/13\\SesC_Vit.jpg.200x100_q85.jpg",
        "modified": "2023-05-16T20:42:56.363Z",
        "source": 14
    }
},
{
    "model": "easy_thumbnails.thumbnail",
    "pk": 26,
    "fields": {
        "storage_hash": "d26becbf46ac48eda79c7a39a13a02dd",
        "name": "products/2023/05/13\\ampuly-s-glikolevoy-kislotoy-protiv-stareniya-sesderma-acglicolic.webp.200x100_q85.jpg",
        "modified": "2023-05-16T20:42:56.422Z",
        "source": 15
    }
},
{
    "model": "easy_thumbnails.thumbnail",
    "pk": 27,
    "fields": {
        "storage_hash": "d26becbf46ac48eda79c7a39a13a02dd",
        "name": "products/2023/04/26\\28.jpg.200x100_q85.jpg",
        "modified": "2023-05-16T20:42:56.472Z",
        "source": 16
    }
},
{
    "model": "easy_thumbnails.thumbnail",
    "pk": 28,
    "fields": {
        "storage_hash": "d26becbf46ac48eda79c7a39a13a02dd",
        "name": "products/2023/05/13\\sescontur.jpg.200x100_q85.jpg",
        "modified": "2023-05-16T20:42:56.509Z",
        "source": 17
    }
},
{
    "model": "easy_thumbnails.thumbnail",
    "pk": 29,
    "fields": {
        "storage_hash": "d26becbf46ac48eda79c7a39a13a02dd",
        "name": "products/2023/05/13\\sesliposoma.jpg.200x100_q85.jpg",
        "modified": "2023-05-16T20:42:56.541Z",
        "source": 18
    }
},
{
    "model": "easy_thumbnails.thumbnail",
    "pk": 30,
    "fields": {
        "storage_hash": "d26becbf46ac48eda79c7a39a13a02dd",
        "name": "products/2023/04/26\\7.jpeg.200x100_q85.jpg",
        "modified": "2023-05-16T20:42:56.592Z",
        "source": 19
    }
},
{
    "model": "easy_thumbnails.thumbnail",
    "pk": 31,
    "fields": {
        "storage_hash": "d26becbf46ac48eda79c7a39a13a02dd",
        "name": "products/2023/04/26\\19-5-300x300.jpg.200x100_q85.jpg",
        "modified": "2023-05-16T20:42:56.627Z",
        "source": 20
    }
},
{
    "model": "easy_thumbnails.thumbnail",
    "pk": 32,
    "fields": {
        "storage_hash": "d26becbf46ac48eda79c7a39a13a02dd",
        "name": "products/2023/05/13\\SeSDerma_Daeses_Immediate_Lifting_Effect_Serum3.jpg.200x100_q85.jpg",
        "modified": "2023-05-16T20:42:56.658Z",
        "source": 21
    }
},
{
    "model": "easy_thumbnails.thumbnail",
    "pk": 33,
    "fields": {
        "storage_hash": "d26becbf46ac48eda79c7a39a13a02dd",
        "name": "products/2023/04/26\\11-2_1.jpg.200x100_q85.jpg",
        "modified": "2023-05-16T20:42:56.711Z",
        "source": 22
    }
},
{
    "model": "easy_thumbnails.thumbnail",
    "pk": 34,
    "fields": {
        "storage_hash": "d26becbf46ac48eda79c7a39a13a02dd",
        "name": "products/2023/05/18\\azelac_lotion2.png.200x100_q85.png",
        "modified": "2023-05-18T19:56:39.471Z",
        "source": 23
    }
},
{
    "model": "easy_thumbnails.thumbnail",
    "pk": 35,
    "fields": {
        "storage_hash": "d26becbf46ac48eda79c7a39a13a02dd",
        "name": "products/2023/05/18\\sirovatca_azelac.jpg.200x100_q85.jpg",
        "modified": "2023-05-18T20:11:00.197Z",
        "source": 24
    }
},
{
    "model": "easy_thumbnails.thumbnail",
    "pk": 36,
    "fields": {
        "storage_hash": "d26becbf46ac48eda79c7a39a13a02dd",
        "name": "products/2023/05/20\\aselac_samay.png.200x100_q85.png",
        "modified": "2023-05-20T13:52:04.596Z",
        "source": 25
    }
},
{
    "model": "easy_thumbnails.thumbnail",
    "pk": 37,
    "fields": {
        "storage_hash": "d26becbf46ac48eda79c7a39a13a02dd",
        "name": "products/2023/05/21\\sesderma_spf.png.200x100_q85.png",
        "modified": "2023-05-21T11:03:18.094Z",
        "source": 26
    }
},
{
    "model": "easy_thumbnails.thumbnail",
    "pk": 38,
    "fields": {
        "storage_hash": "d26becbf46ac48eda79c7a39a13a02dd",
        "name": "categories/2023/04/28\\dom3.jpg.200x100_q85.jpg",
        "modified": "2023-05-21T20:07:45.646Z",
        "source": 27
    }
},
{
    "model": "easy_thumbnails.thumbnail",
    "pk": 39,
    "fields": {
        "storage_hash": "d26becbf46ac48eda79c7a39a13a02dd",
        "name": "categories/2023/05/21\\-stock-photo-beautiful-female-body.jpg.200x100_q85.jpg",
        "modified": "2023-05-21T20:07:45.703Z",
        "source": 28
    }
},
{
    "model": "easy_thumbnails.thumbnail",
    "pk": 40,
    "fields": {
        "storage_hash": "d26becbf46ac48eda79c7a39a13a02dd",
        "name": "categories/2023/04/28\\problem.jpg.200x100_q85.jpg",
        "modified": "2023-05-21T20:07:45.745Z",
        "source": 29
    }
},
{
    "model": "easy_thumbnails.thumbnail",
    "pk": 41,
    "fields": {
        "storage_hash": "d26becbf46ac48eda79c7a39a13a02dd",
        "name": "categories/2023/04/28\\licuvalni.jpg.200x100_q85.jpg",
        "modified": "2023-05-21T20:07:45.784Z",
        "source": 30
    }
},
{
    "model": "easy_thumbnails.thumbnail",
    "pk": 42,
    "fields": {
        "storage_hash": "d26becbf46ac48eda79c7a39a13a02dd",
        "name": "categories/2023/04/28\\sunnyprotect.jpg.200x100_q85.jpg",
        "modified": "2023-05-21T20:07:45.826Z",
        "source": 31
    }
},
{
    "model": "easy_thumbnails.thumbnail",
    "pk": 43,
    "fields": {
        "storage_hash": "d26becbf46ac48eda79c7a39a13a02dd",
        "name": "categories/2023/05/06\\oldskin.jpg.200x100_q85.jpg",
        "modified": "2023-05-21T20:07:45.862Z",
        "source": 32
    }
},
{
    "model": "easy_thumbnails.thumbnail",
    "pk": 44,
    "fields": {
        "storage_hash": "d26becbf46ac48eda79c7a39a13a02dd",
        "name": "categories/2023/04/28\\zvologu2.jpg.200x100_q85.jpg",
        "modified": "2023-05-21T20:07:45.891Z",
        "source": 33
    }
},
{
    "model": "easy_thumbnails.thumbnail",
    "pk": 45,
    "fields": {
        "storage_hash": "d26becbf46ac48eda79c7a39a13a02dd",
        "name": "categories/2023/05/21\\stock-photo-nude-female.jpg.200x100_q85.jpg",
        "modified": "2023-05-21T20:07:45.934Z",
        "source": 34
    }
},
{
    "model": "easy_thumbnails.thumbnail",
    "pk": 46,
    "fields": {
        "storage_hash": "d26becbf46ac48eda79c7a39a13a02dd",
        "name": "categories/2023/04/28\\dom3.jpg.270x170_q85.jpg",
        "modified": "2023-05-21T20:08:34.172Z",
        "source": 27
    }
},
{
    "model": "easy_thumbnails.thumbnail",
    "pk": 47,
    "fields": {
        "storage_hash": "d26becbf46ac48eda79c7a39a13a02dd",
        "name": "categories/2023/05/21\\-stock-photo-beautiful-female-body.jpg.270x170_q85.jpg",
        "modified": "2023-05-21T20:08:34.193Z",
        "source": 28
    }
},
{
    "model": "easy_thumbnails.thumbnail",
    "pk": 48,
    "fields": {
        "storage_hash": "d26becbf46ac48eda79c7a39a13a02dd",
        "name": "categories/2023/04/28\\problem.jpg.270x170_q85.jpg",
        "modified": "2023-05-21T20:08:34.207Z",
        "source": 29
    }
},
{
    "model": "easy_thumbnails.thumbnail",
    "pk": 49,
    "fields": {
        "storage_hash": "d26becbf46ac48eda79c7a39a13a02dd",
        "name": "categories/2023/04/28\\licuvalni.jpg.270x170_q85.jpg",
        "modified": "2023-05-21T20:08:34.222Z",
        "source": 30
    }
},
{
    "model": "easy_thumbnails.thumbnail",
    "pk": 50,
    "fields": {
        "storage_hash": "d26becbf46ac48eda79c7a39a13a02dd",
        "name": "categories/2023/04/28\\sunnyprotect.jpg.270x170_q85.jpg",
        "modified": "2023-05-21T20:08:34.235Z",
        "source": 31
    }
},
{
    "model": "easy_thumbnails.thumbnail",
    "pk": 51,
    "fields": {
        "storage_hash": "d26becbf46ac48eda79c7a39a13a02dd",
        "name": "categories/2023/05/06\\oldskin.jpg.270x170_q85.jpg",
        "modified": "2023-05-21T20:08:34.247Z",
        "source": 32
    }
},
{
    "model": "easy_thumbnails.thumbnail",
    "pk": 52,
    "fields": {
        "storage_hash": "d26becbf46ac48eda79c7a39a13a02dd",
        "name": "categories/2023/04/28\\zvologu2.jpg.270x170_q85.jpg",
        "modified": "2023-05-21T20:08:34.259Z",
        "source": 33
    }
},
{
    "model": "easy_thumbnails.thumbnail",
    "pk": 53,
    "fields": {
        "storage_hash": "d26becbf46ac48eda79c7a39a13a02dd",
        "name": "categories/2023/05/21\\stock-photo-nude-female.jpg.270x170_q85.jpg",
        "modified": "2023-05-21T20:08:34.274Z",
        "source": 34
    }
},
{
    "model": "easy_thumbnails.thumbnail",
    "pk": 54,
    "fields": {
        "storage_hash": "d26becbf46ac48eda79c7a39a13a02dd",
        "name": "products/2023/05/01\\d865aa210264f1d85fb4dc9ebea4189f-700x500_1.jpg.300x200_q85.jpg",
        "modified": "2023-05-21T20:14:19.522Z",
        "source": 11
    }
},
{
    "model": "easy_thumbnails.thumbnail",
    "pk": 55,
    "fields": {
        "storage_hash": "d26becbf46ac48eda79c7a39a13a02dd",
        "name": "products/2023/05/16\\sesderma_azelac_fluid.png.300x200_q85.png",
        "modified": "2023-05-21T20:14:19.675Z",
        "source": 12
    }
},
{
    "model": "easy_thumbnails.thumbnail",
    "pk": 56,
    "fields": {
        "storage_hash": "d26becbf46ac48eda79c7a39a13a02dd",
        "name": "products/2023/05/16\\sesderma_cvit_fluid.webp.300x200_q85.jpg",
        "modified": "2023-05-21T20:14:19.747Z",
        "source": 13
    }
},
{
    "model": "easy_thumbnails.thumbnail",
    "pk": 57,
    "fields": {
        "storage_hash": "d26becbf46ac48eda79c7a39a13a02dd",
        "name": "products/2023/05/06\\sunbrella_30_dark.jpg.300x200_q85.jpg",
        "modified": "2023-05-21T20:14:19.786Z",
        "source": 1
    }
},
{
    "model": "easy_thumbnails.thumbnail",
    "pk": 58,
    "fields": {
        "storage_hash": "d26becbf46ac48eda79c7a39a13a02dd",
        "name": "products/2023/05/06\\suntogo30.jpg.300x200_q85.jpg",
        "modified": "2023-05-21T20:14:19.822Z",
        "source": 2
    }
},
{
    "model": "easy_thumbnails.thumbnail",
    "pk": 59,
    "fields": {
        "storage_hash": "d26becbf46ac48eda79c7a39a13a02dd",
        "name": "products/2023/05/06\\sunbrellademimakdark.jpg.300x200_q85.jpg",
        "modified": "2023-05-21T20:14:19.860Z",
        "source": 3
    }
},
{
    "model": "easy_thumbnails.thumbnail",
    "pk": 60,
    "fields": {
        "storage_hash": "d26becbf46ac48eda79c7a39a13a02dd",
        "name": "products/2023/05/06\\suntogo50.jpg.300x200_q85.jpg",
        "modified": "2023-05-21T20:14:19.893Z",
        "source": 4
    }
},
{
    "model": "easy_thumbnails.thumbnail",
    "pk": 61,
    "fields": {
        "storage_hash": "d26becbf46ac48eda79c7a39a13a02dd",
        "name": "products/2023/05/18\\azelac_lotion2.png.300x200_q85.png",
        "modified": "2023-05-21T20:14:20.042Z",
        "source": 23
    }
},
{
    "model": "easy_thumbnails.thumbnail",
    "pk": 62,
    "fields": {
        "storage_hash": "d26becbf46ac48eda79c7a39a13a02dd",
        "name": "products/2023/05/13\\SesC_Vit.jpg.300x200_q85.jpg",
        "modified": "2023-05-21T20:14:20.073Z",
        "source": 14
    }
},
{
    "model": "easy_thumbnails.thumbnail",
    "pk": 63,
    "fields": {
        "storage_hash": "d26becbf46ac48eda79c7a39a13a02dd",
        "name": "products/2023/05/13\\ampuly-s-glikolevoy-kislotoy-protiv-stareniya-sesderma-acglicolic.webp.300x200_q85.jpg",
        "modified": "2023-05-21T20:14:20.137Z",
        "source": 15
    }
},
{
    "model": "easy_thumbnails.thumbnail",
    "pk": 64,
    "fields": {
        "storage_hash": "d26becbf46ac48eda79c7a39a13a02dd",
        "name": "products/2023/04/26\\28.jpg.300x200_q85.jpg",
        "modified": "2023-05-21T20:14:20.179Z",
        "source": 16
    }
},
{
    "model": "easy_thumbnails.thumbnail",
    "pk": 65,
    "fields": {
        "storage_hash": "d26becbf46ac48eda79c7a39a13a02dd",
        "name": "products/2023/04/26\\15.jpeg.300x200_q85.jpg",
        "modified": "2023-05-21T20:14:20.230Z",
        "source": 9
    }
},
{
    "model": "easy_thumbnails.thumbnail",
    "pk": 66,
    "fields": {
        "storage_hash": "d26becbf46ac48eda79c7a39a13a02dd",
        "name": "products/2023/04/22\\azelac14-2.jpg.300x200_q85.jpg",
        "modified": "2023-05-21T20:14:20.261Z",
        "source": 5
    }
},
{
    "model": "easy_thumbnails.thumbnail",
    "pk": 67,
    "fields": {
        "storage_hash": "d26becbf46ac48eda79c7a39a13a02dd",
        "name": "products/2023/04/26\\17-3.jpg.300x200_q85.jpg",
        "modified": "2023-05-21T20:14:20.306Z",
        "source": 10
    }
},
{
    "model": "easy_thumbnails.thumbnail",
    "pk": 68,
    "fields": {
        "storage_hash": "d26becbf46ac48eda79c7a39a13a02dd",
        "name": "products/2023/05/13\\sescontur.jpg.300x200_q85.jpg",
        "modified": "2023-05-21T20:14:20.340Z",
        "source": 17
    }
},
{
    "model": "easy_thumbnails.thumbnail",
    "pk": 69,
    "fields": {
        "storage_hash": "d26becbf46ac48eda79c7a39a13a02dd",
        "name": "products/2023/04/22\\azelac13.jpg.300x200_q85.jpg",
        "modified": "2023-05-21T20:14:20.376Z",
        "source": 6
    }
},
{
    "model": "easy_thumbnails.thumbnail",
    "pk": 70,
    "fields": {
        "storage_hash": "d26becbf46ac48eda79c7a39a13a02dd",
        "name": "products/2023/05/20\\aselac_samay.png.300x200_q85.png",
        "modified": "2023-05-21T20:14:20.532Z",
        "source": 25
    }
},
{
    "model": "easy_thumbnails.thumbnail",
    "pk": 71,
    "fields": {
        "storage_hash": "d26becbf46ac48eda79c7a39a13a02dd",
        "name": "products/2023/05/13\\sesliposoma.jpg.300x200_q85.jpg",
        "modified": "2023-05-21T20:14:20.569Z",
        "source": 18
    }
},
{
    "model": "easy_thumbnails.thumbnail",
    "pk": 72,
    "fields": {
        "storage_hash": "d26becbf46ac48eda79c7a39a13a02dd",
        "name": "products/2023/04/26\\7.jpeg.300x200_q85.jpg",
        "modified": "2023-05-21T20:14:20.618Z",
        "source": 19
    }
},
{
    "model": "easy_thumbnails.thumbnail",
    "pk": 73,
    "fields": {
        "storage_hash": "d26becbf46ac48eda79c7a39a13a02dd",
        "name": "products/2023/04/26\\19-5-300x300.jpg.300x200_q85.jpg",
        "modified": "2023-05-21T20:14:20.652Z",
        "source": 20
    }
},
{
    "model": "easy_thumbnails.thumbnail",
    "pk": 74,
    "fields": {
        "storage_hash": "d26becbf46ac48eda79c7a39a13a02dd",
        "name": "products/2023/05/18\\sirovatca_azelac.jpg.300x200_q85.jpg",
        "modified": "2023-05-21T20:14:20.700Z",
        "source": 24
    }
},
{
    "model": "easy_thumbnails.thumbnail",
    "pk": 75,
    "fields": {
        "storage_hash": "d26becbf46ac48eda79c7a39a13a02dd",
        "name": "products/2023/05/13\\SeSDerma_Daeses_Immediate_Lifting_Effect_Serum3.jpg.300x200_q85.jpg",
        "modified": "2023-05-21T20:14:20.737Z",
        "source": 21
    }
},
{
    "model": "easy_thumbnails.thumbnail",
    "pk": 76,
    "fields": {
        "storage_hash": "d26becbf46ac48eda79c7a39a13a02dd",
        "name": "products/2023/05/21\\sesderma_spf.png.300x200_q85.png",
        "modified": "2023-05-21T20:14:20.892Z",
        "source": 26
    }
},
{
    "model": "easy_thumbnails.thumbnail",
    "pk": 77,
    "fields": {
        "storage_hash": "d26becbf46ac48eda79c7a39a13a02dd",
        "name": "products/2023/04/26\\11-2_1.jpg.300x200_q85.jpg",
        "modified": "2023-05-21T20:14:20.953Z",
        "source": 22
    }
},
{
    "model": "easy_thumbnails.thumbnail",
    "pk": 78,
    "fields": {
        "storage_hash": "d26becbf46ac48eda79c7a39a13a02dd",
        "name": "products/2023/04/22\\aselac27-1.jpg.300x200_q85.jpg",
        "modified": "2023-05-21T20:14:20.993Z",
        "source": 7
    }
},
{
    "model": "easy_thumbnails.thumbnail",
    "pk": 79,
    "fields": {
        "storage_hash": "d26becbf46ac48eda79c7a39a13a02dd",
        "name": "products/2023/05/13\\cremcvitsesderma.jpg.300x200_q85.jpg",
        "modified": "2023-05-21T20:14:21.028Z",
        "source": 8
    }
},
{
    "model": "easy_thumbnails.thumbnail",
    "pk": 80,
    "fields": {
        "storage_hash": "d26becbf46ac48eda79c7a39a13a02dd",
        "name": "thumbnails\\products/2023/05/06\\suntogo30.jpg.200x100_q85.jpg",
        "modified": "2023-05-22T09:42:57.824Z",
        "source": 2
    }
},
{
    "model": "easy_thumbnails.thumbnail",
    "pk": 81,
    "fields": {
        "storage_hash": "d26becbf46ac48eda79c7a39a13a02dd",
        "name": "thumbnails\\products/2023/04/26\\15.jpeg.200x100_q85.jpg",
        "modified": "2023-05-22T09:42:57.870Z",
        "source": 9
    }
},
{
    "model": "easy_thumbnails.thumbnail",
    "pk": 82,
    "fields": {
        "storage_hash": "d26becbf46ac48eda79c7a39a13a02dd",
        "name": "thumbnails\\products/2023/04/26\\17-3.jpg.200x100_q85.jpg",
        "modified": "2023-05-22T09:42:57.909Z",
        "source": 10
    }
},
{
    "model": "easy_thumbnails.thumbnail",
    "pk": 83,
    "fields": {
        "storage_hash": "d26becbf46ac48eda79c7a39a13a02dd",
        "name": "thumbnails\\products/2023/05/21\\sesderma_spf.png.200x100_q85.png",
        "modified": "2023-05-22T09:42:58.229Z",
        "source": 26
    }
},
{
    "model": "easy_thumbnails.thumbnail",
    "pk": 84,
    "fields": {
        "storage_hash": "d26becbf46ac48eda79c7a39a13a02dd",
        "name": "thumbnails\\products/2023/05/01\\d865aa210264f1d85fb4dc9ebea4189f-700x500_1.jpg.300x200_q85.jpg",
        "modified": "2023-05-22T09:43:04.373Z",
        "source": 11
    }
},
{
    "model": "easy_thumbnails.thumbnail",
    "pk": 85,
    "fields": {
        "storage_hash": "d26becbf46ac48eda79c7a39a13a02dd",
        "name": "thumbnails\\products/2023/05/16\\sesderma_azelac_fluid.png.300x200_q85.png",
        "modified": "2023-05-22T09:43:04.516Z",
        "source": 12
    }
},
{
    "model": "easy_thumbnails.thumbnail",
    "pk": 86,
    "fields": {
        "storage_hash": "d26becbf46ac48eda79c7a39a13a02dd",
        "name": "thumbnails\\products/2023/05/16\\sesderma_cvit_fluid.webp.300x200_q85.jpg",
        "modified": "2023-05-22T09:43:04.580Z",
        "source": 13
    }
},
{
    "model": "easy_thumbnails.thumbnail",
    "pk": 87,
    "fields": {
        "storage_hash": "d26becbf46ac48eda79c7a39a13a02dd",
        "name": "thumbnails\\products/2023/05/06\\sunbrella_30_dark.jpg.300x200_q85.jpg",
        "modified": "2023-05-22T09:43:04.614Z",
        "source": 1
    }
},
{
    "model": "easy_thumbnails.thumbnail",
    "pk": 88,
    "fields": {
        "storage_hash": "d26becbf46ac48eda79c7a39a13a02dd",
        "name": "thumbnails\\products/2023/05/06\\suntogo30.jpg.300x200_q85.jpg",
        "modified": "2023-05-22T09:43:04.645Z",
        "source": 2
    }
},
{
    "model": "easy_thumbnails.thumbnail",
    "pk": 89,
    "fields": {
        "storage_hash": "d26becbf46ac48eda79c7a39a13a02dd",
        "name": "thumbnails\\products/2023/05/06\\sunbrellademimakdark.jpg.300x200_q85.jpg",
        "modified": "2023-05-22T09:43:04.678Z",
        "source": 3
    }
},
{
    "model": "easy_thumbnails.thumbnail",
    "pk": 90,
    "fields": {
        "storage_hash": "d26becbf46ac48eda79c7a39a13a02dd",
        "name": "thumbnails\\products/2023/05/06\\suntogo50.jpg.300x200_q85.jpg",
        "modified": "2023-05-22T09:43:04.711Z",
        "source": 4
    }
},
{
    "model": "easy_thumbnails.thumbnail",
    "pk": 91,
    "fields": {
        "storage_hash": "d26becbf46ac48eda79c7a39a13a02dd",
        "name": "thumbnails\\products/2023/05/18\\azelac_lotion2.png.300x200_q85.png",
        "modified": "2023-05-22T09:43:04.866Z",
        "source": 23
    }
},
{
    "model": "easy_thumbnails.thumbnail",
    "pk": 92,
    "fields": {
        "storage_hash": "d26becbf46ac48eda79c7a39a13a02dd",
        "name": "thumbnails\\products/2023/05/13\\SesC_Vit.jpg.300x200_q85.jpg",
        "modified": "2023-05-22T09:43:04.899Z",
        "source": 14
    }
},
{
    "model": "easy_thumbnails.thumbnail",
    "pk": 93,
    "fields": {
        "storage_hash": "d26becbf46ac48eda79c7a39a13a02dd",
        "name": "thumbnails\\products/2023/05/13\\ampuly-s-glikolevoy-kislotoy-protiv-stareniya-sesderma-acglicolic.webp.300x200_q85.jpg",
        "modified": "2023-05-22T09:43:04.967Z",
        "source": 15
    }
},
{
    "model": "easy_thumbnails.thumbnail",
    "pk": 94,
    "fields": {
        "storage_hash": "d26becbf46ac48eda79c7a39a13a02dd",
        "name": "thumbnails\\products/2023/04/26\\28.jpg.300x200_q85.jpg",
        "modified": "2023-05-22T09:43:05.019Z",
        "source": 16
    }
},
{
    "model": "easy_thumbnails.thumbnail",
    "pk": 95,
    "fields": {
        "storage_hash": "d26becbf46ac48eda79c7a39a13a02dd",
        "name": "thumbnails\\products/2023/04/26\\15.jpeg.300x200_q85.jpg",
        "modified": "2023-05-22T09:43:05.055Z",
        "source": 9
    }
},
{
    "model": "easy_thumbnails.thumbnail",
    "pk": 96,
    "fields": {
        "storage_hash": "d26becbf46ac48eda79c7a39a13a02dd",
        "name": "thumbnails\\products/2023/04/22\\azelac14-2.jpg.300x200_q85.jpg",
        "modified": "2023-05-22T09:43:05.093Z",
        "source": 5
    }
},
{
    "model": "easy_thumbnails.thumbnail",
    "pk": 97,
    "fields": {
        "storage_hash": "d26becbf46ac48eda79c7a39a13a02dd",
        "name": "thumbnails\\products/2023/04/26\\17-3.jpg.300x200_q85.jpg",
        "modified": "2023-05-22T09:43:05.129Z",
        "source": 10
    }
},
{
    "model": "easy_thumbnails.thumbnail",
    "pk": 98,
    "fields": {
        "storage_hash": "d26becbf46ac48eda79c7a39a13a02dd",
        "name": "thumbnails\\products/2023/05/13\\sescontur.jpg.300x200_q85.jpg",
        "modified": "2023-05-22T09:43:05.163Z",
        "source": 17
    }
},
{
    "model": "easy_thumbnails.thumbnail",
    "pk": 99,
    "fields": {
        "storage_hash": "d26becbf46ac48eda79c7a39a13a02dd",
        "name": "thumbnails\\products/2023/04/22\\azelac13.jpg.300x200_q85.jpg",
        "modified": "2023-05-22T09:43:05.200Z",
        "source": 6
    }
},
{
    "model": "easy_thumbnails.thumbnail",
    "pk": 100,
    "fields": {
        "storage_hash": "d26becbf46ac48eda79c7a39a13a02dd",
        "name": "thumbnails\\products/2023/05/20\\aselac_samay.png.300x200_q85.png",
        "modified": "2023-05-22T09:43:05.365Z",
        "source": 25
    }
},
{
    "model": "easy_thumbnails.thumbnail",
    "pk": 101,
    "fields": {
        "storage_hash": "d26becbf46ac48eda79c7a39a13a02dd",
        "name": "thumbnails\\products/2023/05/13\\sesliposoma.jpg.300x200_q85.jpg",
        "modified": "2023-05-22T09:43:05.400Z",
        "source": 18
    }
},
{
    "model": "easy_thumbnails.thumbnail",
    "pk": 102,
    "fields": {
        "storage_hash": "d26becbf46ac48eda79c7a39a13a02dd",
        "name": "thumbnails\\products/2023/04/26\\7.jpeg.300x200_q85.jpg",
        "modified": "2023-05-22T09:43:05.454Z",
        "source": 19
    }
},
{
    "model": "easy_thumbnails.thumbnail",
    "pk": 103,
    "fields": {
        "storage_hash": "d26becbf46ac48eda79c7a39a13a02dd",
        "name": "thumbnails\\products/2023/04/26\\19-5-300x300.jpg.300x200_q85.jpg",
        "modified": "2023-05-22T09:43:05.490Z",
        "source": 20
    }
},
{
    "model": "easy_thumbnails.thumbnail",
    "pk": 104,
    "fields": {
        "storage_hash": "d26becbf46ac48eda79c7a39a13a02dd",
        "name": "thumbnails\\products/2023/05/18\\sirovatca_azelac.jpg.300x200_q85.jpg",
        "modified": "2023-05-22T09:43:05.539Z",
        "source": 24
    }
},
{
    "model": "easy_thumbnails.thumbnail",
    "pk": 105,
    "fields": {
        "storage_hash": "d26becbf46ac48eda79c7a39a13a02dd",
        "name": "thumbnails\\products/2023/05/13\\SeSDerma_Daeses_Immediate_Lifting_Effect_Serum3.jpg.300x200_q85.jpg",
        "modified": "2023-05-22T09:43:05.576Z",
        "source": 21
    }
},
{
    "model": "easy_thumbnails.thumbnail",
    "pk": 106,
    "fields": {
        "storage_hash": "d26becbf46ac48eda79c7a39a13a02dd",
        "name": "thumbnails\\products/2023/05/21\\sesderma_spf.png.300x200_q85.png",
        "modified": "2023-05-22T09:43:05.726Z",
        "source": 26
    }
},
{
    "model": "easy_thumbnails.thumbnail",
    "pk": 107,
    "fields": {
        "storage_hash": "d26becbf46ac48eda79c7a39a13a02dd",
        "name": "thumbnails\\products/2023/04/26\\11-2_1.jpg.300x200_q85.jpg",
        "modified": "2023-05-22T09:43:05.779Z",
        "source": 22
    }
},
{
    "model": "easy_thumbnails.thumbnail",
    "pk": 108,
    "fields": {
        "storage_hash": "d26becbf46ac48eda79c7a39a13a02dd",
        "name": "thumbnails\\products/2023/04/22\\aselac27-1.jpg.300x200_q85.jpg",
        "modified": "2023-05-22T09:43:05.814Z",
        "source": 7
    }
},
{
    "model": "easy_thumbnails.thumbnail",
    "pk": 109,
    "fields": {
        "storage_hash": "d26becbf46ac48eda79c7a39a13a02dd",
        "name": "thumbnails\\products/2023/05/13\\cremcvitsesderma.jpg.300x200_q85.jpg",
        "modified": "2023-05-22T09:43:05.847Z",
        "source": 8
    }
},
{
    "model": "easy_thumbnails.thumbnail",
    "pk": 110,
    "fields": {
        "storage_hash": "d26becbf46ac48eda79c7a39a13a02dd",
        "name": "thumbnails\\categories/2023/04/28\\dom3.jpg.270x170_q85.jpg",
        "modified": "2023-05-22T09:43:17.529Z",
        "source": 27
    }
},
{
    "model": "easy_thumbnails.thumbnail",
    "pk": 111,
    "fields": {
        "storage_hash": "d26becbf46ac48eda79c7a39a13a02dd",
        "name": "thumbnails\\categories/2023/05/21\\-stock-photo-beautiful-female-body.jpg.270x170_q85.jpg",
        "modified": "2023-05-22T09:43:17.597Z",
        "source": 28
    }
},
{
    "model": "easy_thumbnails.thumbnail",
    "pk": 112,
    "fields": {
        "storage_hash": "d26becbf46ac48eda79c7a39a13a02dd",
        "name": "thumbnails\\categories/2023/04/28\\problem.jpg.270x170_q85.jpg",
        "modified": "2023-05-22T09:43:17.633Z",
        "source": 29
    }
},
{
    "model": "easy_thumbnails.thumbnail",
    "pk": 113,
    "fields": {
        "storage_hash": "d26becbf46ac48eda79c7a39a13a02dd",
        "name": "thumbnails\\categories/2023/04/28\\licuvalni.jpg.270x170_q85.jpg",
        "modified": "2023-05-22T09:43:17.669Z",
        "source": 30
    }
},
{
    "model": "easy_thumbnails.thumbnail",
    "pk": 114,
    "fields": {
        "storage_hash": "d26becbf46ac48eda79c7a39a13a02dd",
        "name": "thumbnails\\categories/2023/04/28\\sunnyprotect.jpg.270x170_q85.jpg",
        "modified": "2023-05-22T09:43:17.703Z",
        "source": 31
    }
},
{
    "model": "easy_thumbnails.thumbnail",
    "pk": 115,
    "fields": {
        "storage_hash": "d26becbf46ac48eda79c7a39a13a02dd",
        "name": "thumbnails\\categories/2023/05/06\\oldskin.jpg.270x170_q85.jpg",
        "modified": "2023-05-22T09:43:17.738Z",
        "source": 32
    }
},
{
    "model": "easy_thumbnails.thumbnail",
    "pk": 116,
    "fields": {
        "storage_hash": "d26becbf46ac48eda79c7a39a13a02dd",
        "name": "thumbnails\\categories/2023/04/28\\zvologu2.jpg.270x170_q85.jpg",
        "modified": "2023-05-22T09:43:17.774Z",
        "source": 33
    }
},
{
    "model": "easy_thumbnails.thumbnail",
    "pk": 117,
    "fields": {
        "storage_hash": "d26becbf46ac48eda79c7a39a13a02dd",
        "name": "thumbnails\\categories/2023/05/21\\stock-photo-nude-female.jpg.270x170_q85.jpg",
        "modified": "2023-05-22T09:43:17.830Z",
        "source": 34
    }
},
{
    "model": "easy_thumbnails.thumbnail",
    "pk": 118,
    "fields": {
        "storage_hash": "d26becbf46ac48eda79c7a39a13a02dd",
        "name": "thumbnails\\categories/2023/05/22\\likuvalna2.jpg.270x170_q85.jpg",
        "modified": "2023-05-22T10:39:14.759Z",
        "source": 35
    }
},
{
    "model": "easy_thumbnails.thumbnail",
    "pk": 119,
    "fields": {
        "storage_hash": "d26becbf46ac48eda79c7a39a13a02dd",
        "name": "thumbnails\\products/2023/05/13\\ampuly-s-glikolevoy-kislotoy-protiv-stareniya-sesderma-acglicolic.webp.200x100_q85.jpg",
        "modified": "2023-05-22T10:42:26.005Z",
        "source": 15
    }
},
{
    "model": "easy_thumbnails.thumbnail",
    "pk": 120,
    "fields": {
        "storage_hash": "d26becbf46ac48eda79c7a39a13a02dd",
        "name": "thumbnails\\products/2023/04/22\\azelac14-2.jpg.200x100_q85.jpg",
        "modified": "2023-05-22T10:42:26.046Z",
        "source": 5
    }
},
{
    "model": "easy_thumbnails.thumbnail",
    "pk": 121,
    "fields": {
        "storage_hash": "d26becbf46ac48eda79c7a39a13a02dd",
        "name": "thumbnails\\products/2023/04/22\\azelac13.jpg.200x100_q85.jpg",
        "modified": "2023-05-22T10:42:26.083Z",
        "source": 6
    }
},
{
    "model": "easy_thumbnails.thumbnail",
    "pk": 122,
    "fields": {
        "storage_hash": "d26becbf46ac48eda79c7a39a13a02dd",
        "name": "thumbnails\\products/2023/05/16\\sesderma_azelac_fluid.png.600x0_q85.png",
        "modified": "2023-05-22T13:54:04.307Z",
        "source": 12
    }
},
{
    "model": "easy_thumbnails.thumbnail",
    "pk": 123,
    "fields": {
        "storage_hash": "d26becbf46ac48eda79c7a39a13a02dd",
        "name": "thumbnails\\products/2023/05/13\\SesC_Vit.jpg.600x0_q85.jpg",
        "modified": "2023-05-22T13:54:25.480Z",
        "source": 14
    }
},
{
    "model": "easy_thumbnails.thumbnail",
    "pk": 124,
    "fields": {
        "storage_hash": "d26becbf46ac48eda79c7a39a13a02dd",
        "name": "thumbnails\\products/2023/05/13\\SesC_Vit.jpg.270x0_q85.jpg",
        "modified": "2023-05-22T13:54:42.193Z",
        "source": 14
    }
},
{
    "model": "easy_thumbnails.thumbnail",
    "pk": 125,
    "fields": {
        "storage_hash": "d26becbf46ac48eda79c7a39a13a02dd",
        "name": "thumbnails\\products/2023/04/22\\azelac14-2.jpg.270x0_q85.jpg",
        "modified": "2023-05-22T13:54:42.236Z",
        "source": 5
    }
},
{
    "model": "easy_thumbnails.thumbnail",
    "pk": 126,
    "fields": {
        "storage_hash": "d26becbf46ac48eda79c7a39a13a02dd",
        "name": "thumbnails\\products/2023/04/26\\28.jpg.200x100_q85.jpg",
        "modified": "2023-05-22T13:55:59.711Z",
        "source": 16
    }
},
{
    "model": "easy_thumbnails.thumbnail",
    "pk": 127,
    "fields": {
        "storage_hash": "d26becbf46ac48eda79c7a39a13a02dd",
        "name": "thumbnails\\products/2023/04/26\\7.jpeg.200x100_q85.jpg",
        "modified": "2023-05-22T13:55:59.758Z",
        "source": 19
    }
},
{
    "model": "easy_thumbnails.thumbnail",
    "pk": 128,
    "fields": {
        "storage_hash": "d26becbf46ac48eda79c7a39a13a02dd",
        "name": "thumbnails\\products/2023/04/26\\19-5-300x300.jpg.200x100_q85.jpg",
        "modified": "2023-05-22T13:55:59.791Z",
        "source": 20
    }
},
{
    "model": "easy_thumbnails.thumbnail",
    "pk": 129,
    "fields": {
        "storage_hash": "d26becbf46ac48eda79c7a39a13a02dd",
        "name": "thumbnails\\products/2023/04/26\\11-2_1.jpg.200x100_q85.jpg",
        "modified": "2023-05-22T13:55:59.824Z",
        "source": 22
    }
},
{
    "model": "easy_thumbnails.thumbnail",
    "pk": 130,
    "fields": {
        "storage_hash": "d26becbf46ac48eda79c7a39a13a02dd",
        "name": "thumbnails\\products/2023/05/01\\d865aa210264f1d85fb4dc9ebea4189f-700x500_1.jpg.270x0_q85.jpg",
        "modified": "2023-05-22T13:58:48.561Z",
        "source": 11
    }
},
{
    "model": "easy_thumbnails.thumbnail",
    "pk": 131,
    "fields": {
        "storage_hash": "d26becbf46ac48eda79c7a39a13a02dd",
        "name": "thumbnails\\products/2023/05/16\\sesderma_azelac_fluid.png.270x0_q85.png",
        "modified": "2023-05-22T13:58:48.723Z",
        "source": 12
    }
},
{
    "model": "easy_thumbnails.thumbnail",
    "pk": 132,
    "fields": {
        "storage_hash": "d26becbf46ac48eda79c7a39a13a02dd",
        "name": "thumbnails\\products/2023/05/16\\sesderma_cvit_fluid.webp.270x0_q85.jpg",
        "modified": "2023-05-22T13:58:48.780Z",
        "source": 13
    }
},
{
    "model": "easy_thumbnails.thumbnail",
    "pk": 133,
    "fields": {
        "storage_hash": "d26becbf46ac48eda79c7a39a13a02dd",
        "name": "thumbnails\\products/2023/05/06\\sunbrella_30_dark.jpg.270x0_q85.jpg",
        "modified": "2023-05-22T13:58:48.814Z",
        "source": 1
    }
},
{
    "model": "easy_thumbnails.thumbnail",
    "pk": 134,
    "fields": {
        "storage_hash": "d26becbf46ac48eda79c7a39a13a02dd",
        "name": "thumbnails\\products/2023/05/06\\suntogo30.jpg.270x0_q85.jpg",
        "modified": "2023-05-22T13:58:48.846Z",
        "source": 2
    }
},
{
    "model": "easy_thumbnails.thumbnail",
    "pk": 135,
    "fields": {
        "storage_hash": "d26becbf46ac48eda79c7a39a13a02dd",
        "name": "thumbnails\\products/2023/05/06\\sunbrellademimakdark.jpg.270x0_q85.jpg",
        "modified": "2023-05-22T13:58:48.880Z",
        "source": 3
    }
},
{
    "model": "easy_thumbnails.thumbnail",
    "pk": 136,
    "fields": {
        "storage_hash": "d26becbf46ac48eda79c7a39a13a02dd",
        "name": "thumbnails\\products/2023/05/06\\suntogo50.jpg.270x0_q85.jpg",
        "modified": "2023-05-22T13:58:48.913Z",
        "source": 4
    }
},
{
    "model": "easy_thumbnails.thumbnail",
    "pk": 137,
    "fields": {
        "storage_hash": "d26becbf46ac48eda79c7a39a13a02dd",
        "name": "thumbnails\\products/2023/05/18\\azelac_lotion2.png.270x0_q85.png",
        "modified": "2023-05-22T13:58:49.088Z",
        "source": 23
    }
},
{
    "model": "easy_thumbnails.thumbnail",
    "pk": 138,
    "fields": {
        "storage_hash": "d26becbf46ac48eda79c7a39a13a02dd",
        "name": "thumbnails\\products/2023/05/13\\ampuly-s-glikolevoy-kislotoy-protiv-stareniya-sesderma-acglicolic.webp.270x0_q85.jpg",
        "modified": "2023-05-22T13:58:49.143Z",
        "source": 15
    }
},
{
    "model": "easy_thumbnails.thumbnail",
    "pk": 139,
    "fields": {
        "storage_hash": "d26becbf46ac48eda79c7a39a13a02dd",
        "name": "thumbnails\\products/2023/04/26\\28.jpg.270x0_q85.jpg",
        "modified": "2023-05-22T13:58:49.180Z",
        "source": 16
    }
},
{
    "model": "easy_thumbnails.thumbnail",
    "pk": 140,
    "fields": {
        "storage_hash": "d26becbf46ac48eda79c7a39a13a02dd",
        "name": "thumbnails\\products/2023/04/26\\15.jpeg.270x0_q85.jpg",
        "modified": "2023-05-22T13:58:49.219Z",
        "source": 9
    }
},
{
    "model": "easy_thumbnails.thumbnail",
    "pk": 141,
    "fields": {
        "storage_hash": "d26becbf46ac48eda79c7a39a13a02dd",
        "name": "thumbnails\\products/2023/04/26\\17-3.jpg.270x0_q85.jpg",
        "modified": "2023-05-22T13:58:49.260Z",
        "source": 10
    }
},
{
    "model": "easy_thumbnails.thumbnail",
    "pk": 142,
    "fields": {
        "storage_hash": "d26becbf46ac48eda79c7a39a13a02dd",
        "name": "thumbnails\\products/2023/05/13\\sescontur.jpg.270x0_q85.jpg",
        "modified": "2023-05-22T13:58:49.287Z",
        "source": 17
    }
},
{
    "model": "easy_thumbnails.thumbnail",
    "pk": 143,
    "fields": {
        "storage_hash": "d26becbf46ac48eda79c7a39a13a02dd",
        "name": "thumbnails\\products/2023/04/22\\azelac13.jpg.270x0_q85.jpg",
        "modified": "2023-05-22T13:58:49.322Z",
        "source": 6
    }
},
{
    "model": "easy_thumbnails.thumbnail",
    "pk": 144,
    "fields": {
        "storage_hash": "d26becbf46ac48eda79c7a39a13a02dd",
        "name": "thumbnails\\products/2023/05/20\\aselac_samay.png.270x0_q85.png",
        "modified": "2023-05-22T13:58:49.497Z",
        "source": 25
    }
},
{
    "model": "easy_thumbnails.thumbnail",
    "pk": 145,
    "fields": {
        "storage_hash": "d26becbf46ac48eda79c7a39a13a02dd",
        "name": "thumbnails\\products/2023/05/13\\sesliposoma.jpg.270x0_q85.jpg",
        "modified": "2023-05-22T13:58:49.527Z",
        "source": 18
    }
},
{
    "model": "easy_thumbnails.thumbnail",
    "pk": 146,
    "fields": {
        "storage_hash": "d26becbf46ac48eda79c7a39a13a02dd",
        "name": "thumbnails\\products/2023/04/26\\7.jpeg.270x0_q85.jpg",
        "modified": "2023-05-22T13:58:49.565Z",
        "source": 19
    }
},
{
    "model": "easy_thumbnails.thumbnail",
    "pk": 147,
    "fields": {
        "storage_hash": "d26becbf46ac48eda79c7a39a13a02dd",
        "name": "thumbnails\\products/2023/04/26\\19-5-300x300.jpg.270x0_q85.jpg",
        "modified": "2023-05-22T13:58:49.601Z",
        "source": 20
    }
},
{
    "model": "easy_thumbnails.thumbnail",
    "pk": 148,
    "fields": {
        "storage_hash": "d26becbf46ac48eda79c7a39a13a02dd",
        "name": "thumbnails\\products/2023/05/18\\sirovatca_azelac.jpg.270x0_q85.jpg",
        "modified": "2023-05-22T13:58:49.650Z",
        "source": 24
    }
},
{
    "model": "easy_thumbnails.thumbnail",
    "pk": 149,
    "fields": {
        "storage_hash": "d26becbf46ac48eda79c7a39a13a02dd",
        "name": "thumbnails\\products/2023/05/13\\SeSDerma_Daeses_Immediate_Lifting_Effect_Serum3.jpg.270x0_q85.jpg",
        "modified": "2023-05-22T13:58:49.681Z",
        "source": 21
    }
},
{
    "model": "easy_thumbnails.thumbnail",
    "pk": 150,
    "fields": {
        "storage_hash": "d26becbf46ac48eda79c7a39a13a02dd",
        "name": "thumbnails\\products/2023/05/21\\sesderma_spf.png.270x0_q85.png",
        "modified": "2023-05-22T13:58:49.849Z",
        "source": 26
    }
},
{
    "model": "easy_thumbnails.thumbnail",
    "pk": 151,
    "fields": {
        "storage_hash": "d26becbf46ac48eda79c7a39a13a02dd",
        "name": "thumbnails\\products/2023/04/26\\11-2_1.jpg.270x0_q85.jpg",
        "modified": "2023-05-22T13:58:49.886Z",
        "source": 22
    }
},
{
    "model": "easy_thumbnails.thumbnail",
    "pk": 152,
    "fields": {
        "storage_hash": "d26becbf46ac48eda79c7a39a13a02dd",
        "name": "thumbnails\\products/2023/04/22\\aselac27-1.jpg.270x0_q85.jpg",
        "modified": "2023-05-22T13:58:49.927Z",
        "source": 7
    }
},
{
    "model": "easy_thumbnails.thumbnail",
    "pk": 153,
    "fields": {
        "storage_hash": "d26becbf46ac48eda79c7a39a13a02dd",
        "name": "thumbnails\\products/2023/05/13\\cremcvitsesderma.jpg.270x0_q85.jpg",
        "modified": "2023-05-22T13:58:49.956Z",
        "source": 8
    }
},
{
    "model": "easy_thumbnails.thumbnail",
    "pk": 154,
    "fields": {
        "storage_hash": "d26becbf46ac48eda79c7a39a13a02dd",
        "name": "thumbnails\\products/2023/05/01\\d865aa210264f1d85fb4dc9ebea4189f-700x500_1.jpg.200x300_q85.jpg",
        "modified": "2023-05-22T14:03:10.379Z",
        "source": 11
    }
},
{
    "model": "easy_thumbnails.thumbnail",
    "pk": 155,
    "fields": {
        "storage_hash": "d26becbf46ac48eda79c7a39a13a02dd",
        "name": "thumbnails\\products/2023/05/16\\sesderma_azelac_fluid.png.200x300_q85.png",
        "modified": "2023-05-22T14:03:10.436Z",
        "source": 12
    }
},
{
    "model": "easy_thumbnails.thumbnail",
    "pk": 156,
    "fields": {
        "storage_hash": "d26becbf46ac48eda79c7a39a13a02dd",
        "name": "thumbnails\\products/2023/05/16\\sesderma_cvit_fluid.webp.200x300_q85.jpg",
        "modified": "2023-05-22T14:03:10.462Z",
        "source": 13
    }
},
{
    "model": "easy_thumbnails.thumbnail",
    "pk": 157,
    "fields": {
        "storage_hash": "d26becbf46ac48eda79c7a39a13a02dd",
        "name": "thumbnails\\products/2023/05/06\\sunbrella_30_dark.jpg.200x300_q85.jpg",
        "modified": "2023-05-22T14:03:10.477Z",
        "source": 1
    }
},
{
    "model": "easy_thumbnails.thumbnail",
    "pk": 158,
    "fields": {
        "storage_hash": "d26becbf46ac48eda79c7a39a13a02dd",
        "name": "thumbnails\\products/2023/05/06\\suntogo30.jpg.200x300_q85.jpg",
        "modified": "2023-05-22T14:03:10.492Z",
        "source": 2
    }
},
{
    "model": "easy_thumbnails.thumbnail",
    "pk": 159,
    "fields": {
        "storage_hash": "d26becbf46ac48eda79c7a39a13a02dd",
        "name": "thumbnails\\products/2023/05/06\\sunbrellademimakdark.jpg.200x300_q85.jpg",
        "modified": "2023-05-22T14:03:10.504Z",
        "source": 3
    }
},
{
    "model": "easy_thumbnails.thumbnail",
    "pk": 160,
    "fields": {
        "storage_hash": "d26becbf46ac48eda79c7a39a13a02dd",
        "name": "thumbnails\\products/2023/05/06\\suntogo50.jpg.200x300_q85.jpg",
        "modified": "2023-05-22T14:03:10.517Z",
        "source": 4
    }
},
{
    "model": "easy_thumbnails.thumbnail",
    "pk": 161,
    "fields": {
        "storage_hash": "d26becbf46ac48eda79c7a39a13a02dd",
        "name": "thumbnails\\products/2023/05/18\\azelac_lotion2.png.200x300_q85.png",
        "modified": "2023-05-22T14:03:10.573Z",
        "source": 23
    }
},
{
    "model": "easy_thumbnails.thumbnail",
    "pk": 162,
    "fields": {
        "storage_hash": "d26becbf46ac48eda79c7a39a13a02dd",
        "name": "thumbnails\\products/2023/05/13\\SesC_Vit.jpg.200x300_q85.jpg",
        "modified": "2023-05-22T14:03:10.585Z",
        "source": 14
    }
},
{
    "model": "easy_thumbnails.thumbnail",
    "pk": 163,
    "fields": {
        "storage_hash": "d26becbf46ac48eda79c7a39a13a02dd",
        "name": "thumbnails\\products/2023/05/13\\ampuly-s-glikolevoy-kislotoy-protiv-stareniya-sesderma-acglicolic.webp.200x300_q85.jpg",
        "modified": "2023-05-22T14:03:10.603Z",
        "source": 15
    }
},
{
    "model": "easy_thumbnails.thumbnail",
    "pk": 164,
    "fields": {
        "storage_hash": "d26becbf46ac48eda79c7a39a13a02dd",
        "name": "thumbnails\\products/2023/04/26\\28.jpg.200x300_q85.jpg",
        "modified": "2023-05-22T14:03:10.616Z",
        "source": 16
    }
},
{
    "model": "easy_thumbnails.thumbnail",
    "pk": 165,
    "fields": {
        "storage_hash": "d26becbf46ac48eda79c7a39a13a02dd",
        "name": "thumbnails\\products/2023/04/26\\15.jpeg.200x300_q85.jpg",
        "modified": "2023-05-22T14:03:10.629Z",
        "source": 9
    }
},
{
    "model": "easy_thumbnails.thumbnail",
    "pk": 166,
    "fields": {
        "storage_hash": "d26becbf46ac48eda79c7a39a13a02dd",
        "name": "thumbnails\\products/2023/04/22\\azelac14-2.jpg.200x300_q85.jpg",
        "modified": "2023-05-22T14:03:10.642Z",
        "source": 5
    }
},
{
    "model": "easy_thumbnails.thumbnail",
    "pk": 167,
    "fields": {
        "storage_hash": "d26becbf46ac48eda79c7a39a13a02dd",
        "name": "thumbnails\\products/2023/04/26\\17-3.jpg.200x300_q85.jpg",
        "modified": "2023-05-22T14:03:10.654Z",
        "source": 10
    }
},
{
    "model": "easy_thumbnails.thumbnail",
    "pk": 168,
    "fields": {
        "storage_hash": "d26becbf46ac48eda79c7a39a13a02dd",
        "name": "thumbnails\\products/2023/05/13\\sescontur.jpg.200x300_q85.jpg",
        "modified": "2023-05-22T14:03:10.666Z",
        "source": 17
    }
},
{
    "model": "easy_thumbnails.thumbnail",
    "pk": 169,
    "fields": {
        "storage_hash": "d26becbf46ac48eda79c7a39a13a02dd",
        "name": "thumbnails\\products/2023/04/22\\azelac13.jpg.200x300_q85.jpg",
        "modified": "2023-05-22T14:03:10.679Z",
        "source": 6
    }
},
{
    "model": "easy_thumbnails.thumbnail",
    "pk": 170,
    "fields": {
        "storage_hash": "d26becbf46ac48eda79c7a39a13a02dd",
        "name": "thumbnails\\products/2023/05/20\\aselac_samay.png.200x300_q85.png",
        "modified": "2023-05-22T14:03:10.734Z",
        "source": 25
    }
},
{
    "model": "easy_thumbnails.thumbnail",
    "pk": 171,
    "fields": {
        "storage_hash": "d26becbf46ac48eda79c7a39a13a02dd",
        "name": "thumbnails\\products/2023/05/13\\sesliposoma.jpg.200x300_q85.jpg",
        "modified": "2023-05-22T14:03:10.746Z",
        "source": 18
    }
},
{
    "model": "easy_thumbnails.thumbnail",
    "pk": 172,
    "fields": {
        "storage_hash": "d26becbf46ac48eda79c7a39a13a02dd",
        "name": "thumbnails\\products/2023/04/26\\7.jpeg.200x300_q85.jpg",
        "modified": "2023-05-22T14:03:10.760Z",
        "source": 19
    }
},
{
    "model": "easy_thumbnails.thumbnail",
    "pk": 173,
    "fields": {
        "storage_hash": "d26becbf46ac48eda79c7a39a13a02dd",
        "name": "thumbnails\\products/2023/04/26\\19-5-300x300.jpg.200x300_q85.jpg",
        "modified": "2023-05-22T14:03:10.778Z",
        "source": 20
    }
},
{
    "model": "easy_thumbnails.thumbnail",
    "pk": 174,
    "fields": {
        "storage_hash": "d26becbf46ac48eda79c7a39a13a02dd",
        "name": "thumbnails\\products/2023/05/18\\sirovatca_azelac.jpg.200x300_q85.jpg",
        "modified": "2023-05-22T14:03:10.808Z",
        "source": 24
    }
},
{
    "model": "easy_thumbnails.thumbnail",
    "pk": 175,
    "fields": {
        "storage_hash": "d26becbf46ac48eda79c7a39a13a02dd",
        "name": "thumbnails\\products/2023/05/13\\SeSDerma_Daeses_Immediate_Lifting_Effect_Serum3.jpg.200x300_q85.jpg",
        "modified": "2023-05-22T14:03:10.820Z",
        "source": 21
    }
},
{
    "model": "easy_thumbnails.thumbnail",
    "pk": 176,
    "fields": {
        "storage_hash": "d26becbf46ac48eda79c7a39a13a02dd",
        "name": "thumbnails\\products/2023/05/21\\sesderma_spf.png.200x300_q85.png",
        "modified": "2023-05-22T14:03:10.870Z",
        "source": 26
    }
},
{
    "model": "easy_thumbnails.thumbnail",
    "pk": 177,
    "fields": {
        "storage_hash": "d26becbf46ac48eda79c7a39a13a02dd",
        "name": "thumbnails\\products/2023/04/26\\11-2_1.jpg.200x300_q85.jpg",
        "modified": "2023-05-22T14:03:10.891Z",
        "source": 22
    }
},
{
    "model": "easy_thumbnails.thumbnail",
    "pk": 178,
    "fields": {
        "storage_hash": "d26becbf46ac48eda79c7a39a13a02dd",
        "name": "thumbnails\\products/2023/04/22\\aselac27-1.jpg.200x300_q85.jpg",
        "modified": "2023-05-22T14:03:10.919Z",
        "source": 7
    }
},
{
    "model": "easy_thumbnails.thumbnail",
    "pk": 179,
    "fields": {
        "storage_hash": "d26becbf46ac48eda79c7a39a13a02dd",
        "name": "thumbnails\\products/2023/05/13\\cremcvitsesderma.jpg.200x300_q85.jpg",
        "modified": "2023-05-22T14:03:10.939Z",
        "source": 8
    }
},
{
    "model": "easy_thumbnails.thumbnail",
    "pk": 180,
    "fields": {
        "storage_hash": "d26becbf46ac48eda79c7a39a13a02dd",
        "name": "thumbnails\\products/2023/05/18\\azelac_lotion2.png.160x90_q85.png",
        "modified": "2023-05-22T14:07:52.585Z",
        "source": 23
    }
},
{
    "model": "easy_thumbnails.thumbnail",
    "pk": 181,
    "fields": {
        "storage_hash": "d26becbf46ac48eda79c7a39a13a02dd",
        "name": "thumbnails\\products/2023/04/26\\28.jpg.160x90_q85.jpg",
        "modified": "2023-05-22T14:07:52.622Z",
        "source": 16
    }
},
{
    "model": "easy_thumbnails.thumbnail",
    "pk": 182,
    "fields": {
        "storage_hash": "d26becbf46ac48eda79c7a39a13a02dd",
        "name": "thumbnails\\products/2023/04/22\\azelac13.jpg.160x90_q85.jpg",
        "modified": "2023-05-22T14:07:52.657Z",
        "source": 6
    }
},
{
    "model": "easy_thumbnails.thumbnail",
    "pk": 183,
    "fields": {
        "storage_hash": "d26becbf46ac48eda79c7a39a13a02dd",
        "name": "thumbnails\\products/2023/05/06\\sunbrella_30_dark.jpg.160x90_q85.jpg",
        "modified": "2023-05-22T14:50:14.487Z",
        "source": 1
    }
},
{
    "model": "easy_thumbnails.thumbnail",
    "pk": 184,
    "fields": {
        "storage_hash": "d26becbf46ac48eda79c7a39a13a02dd",
        "name": "thumbnails\\products/2023/05/06\\sunbrellademimakdark.jpg.160x90_q85.jpg",
        "modified": "2023-05-22T14:50:14.522Z",
        "source": 3
    }
},
{
    "model": "easy_thumbnails.thumbnail",
    "pk": 185,
    "fields": {
        "storage_hash": "d26becbf46ac48eda79c7a39a13a02dd",
        "name": "thumbnails\\products/2023/05/06\\suntogo50.jpg.160x90_q85.jpg",
        "modified": "2023-05-22T14:50:14.561Z",
        "source": 4
    }
},
{
    "model": "easy_thumbnails.thumbnail",
    "pk": 186,
    "fields": {
        "storage_hash": "d26becbf46ac48eda79c7a39a13a02dd",
        "name": "thumbnails\\products/2023/04/26\\15.jpeg.160x90_q85.jpg",
        "modified": "2023-05-22T14:57:57.820Z",
        "source": 9
    }
},
{
    "model": "easy_thumbnails.thumbnail",
    "pk": 187,
    "fields": {
        "storage_hash": "d26becbf46ac48eda79c7a39a13a02dd",
        "name": "thumbnails\\products/2023/04/26\\17-3.jpg.160x90_q85.jpg",
        "modified": "2023-05-22T14:57:57.859Z",
        "source": 10
    }
},
{
    "model": "easy_thumbnails.thumbnail",
    "pk": 188,
    "fields": {
        "storage_hash": "d26becbf46ac48eda79c7a39a13a02dd",
        "name": "thumbnails\\products/2023/04/26\\7.jpeg.160x90_q85.jpg",
        "modified": "2023-05-22T14:57:57.896Z",
        "source": 19
    }
},
{
    "model": "easy_thumbnails.thumbnail",
    "pk": 189,
    "fields": {
        "storage_hash": "d26becbf46ac48eda79c7a39a13a02dd",
        "name": "thumbnails\\products/2023/04/26\\19-5-300x300.jpg.160x90_q85.jpg",
        "modified": "2023-05-22T14:57:57.934Z",
        "source": 20
    }
},
{
    "model": "easy_thumbnails.thumbnail",
    "pk": 190,
    "fields": {
        "storage_hash": "d26becbf46ac48eda79c7a39a13a02dd",
        "name": "thumbnails\\products/2023/04/26\\11-2_1.jpg.160x90_q85.jpg",
        "modified": "2023-05-22T14:57:57.967Z",
        "source": 22
    }
},
{
    "model": "easy_thumbnails.thumbnail",
    "pk": 191,
    "fields": {
        "storage_hash": "d26becbf46ac48eda79c7a39a13a02dd",
        "name": "thumbnails\\products/2023/04/26\\15.jpeg.600x0_q85.jpg",
        "modified": "2023-05-22T15:02:52.475Z",
        "source": 9
    }
},
{
    "model": "easy_thumbnails.thumbnail",
    "pk": 192,
    "fields": {
        "storage_hash": "d26becbf46ac48eda79c7a39a13a02dd",
        "name": "thumbnails\\products/2023/04/26\\28.jpg.600x0_q85.jpg",
        "modified": "2023-05-23T07:20:12.057Z",
        "source": 16
    }
},
{
    "model": "easy_thumbnails.thumbnail",
    "pk": 193,
    "fields": {
        "storage_hash": "d26becbf46ac48eda79c7a39a13a02dd",
        "name": "thumbnails\\products/2023/04/26\\17-3.jpg.600x0_q85.jpg",
        "modified": "2023-05-23T07:27:20.120Z",
        "source": 10
    }
},
{
    "model": "easy_thumbnails.thumbnail",
    "pk": 194,
    "fields": {
        "storage_hash": "d26becbf46ac48eda79c7a39a13a02dd",
        "name": "thumbnails\\products/2023/05/20\\aselac_samay.png.160x90_q85.png",
        "modified": "2023-05-23T07:28:01.037Z",
        "source": 25
    }
},
{
    "model": "easy_thumbnails.thumbnail",
    "pk": 195,
    "fields": {
        "storage_hash": "d26becbf46ac48eda79c7a39a13a02dd",
        "name": "thumbnails\\products/2023/05/13\\SeSDerma_Daeses_Immediate_Lifting_Effect_Serum3.jpg.160x90_q85.jpg",
        "modified": "2023-05-23T07:28:01.070Z",
        "source": 21
    }
},
{
    "model": "easy_thumbnails.thumbnail",
    "pk": 196,
    "fields": {
        "storage_hash": "d26becbf46ac48eda79c7a39a13a02dd",
        "name": "thumbnails\\products/2023/05/21\\sesderma_spf.png.160x90_q85.png",
        "modified": "2023-05-23T07:28:01.206Z",
        "source": 26
    }
},
{
    "model": "easy_thumbnails.thumbnail",
    "pk": 197,
    "fields": {
        "storage_hash": "d26becbf46ac48eda79c7a39a13a02dd",
        "name": "thumbnails\\products/2023/05/23\\vitalise-moisture-intense-serum-30-ml.webp.200x300_q85.jpg",
        "modified": "2023-05-23T07:55:35.834Z",
        "source": 36
    }
},
{
    "model": "easy_thumbnails.thumbnail",
    "pk": 198,
    "fields": {
        "storage_hash": "d26becbf46ac48eda79c7a39a13a02dd",
        "name": "thumbnails\\products/2023/05/23\\vitalise-moisture-intense-serum-30-ml.webp.600x0_q85.jpg",
        "modified": "2023-05-23T07:56:47.670Z",
        "source": 36
    }
},
{
    "model": "easy_thumbnails.thumbnail",
    "pk": 199,
    "fields": {
        "storage_hash": "d26becbf46ac48eda79c7a39a13a02dd",
        "name": "thumbnails\\products/2023/05/01\\d865aa210264f1d85fb4dc9ebea4189f-700x500_1.jpg.600x0_q85.jpg",
        "modified": "2023-05-23T07:57:54.206Z",
        "source": 11
    }
},
{
    "model": "easy_thumbnails.thumbnail",
    "pk": 200,
    "fields": {
        "storage_hash": "d26becbf46ac48eda79c7a39a13a02dd",
        "name": "thumbnails\\products/2023/04/22\\azelac13.jpg.600x0_q85.jpg",
        "modified": "2023-05-23T09:47:59.610Z",
        "source": 6
    }
},
{
    "model": "easy_thumbnails.thumbnail",
    "pk": 201,
    "fields": {
        "storage_hash": "d26becbf46ac48eda79c7a39a13a02dd",
        "name": "thumbnails\\products/2023/05/24\\Factor_G_contur_eye.png.200x300_q85.png",
        "modified": "2023-05-24T14:37:25.937Z",
        "source": 37
    }
},
{
    "model": "easy_thumbnails.thumbnail",
    "pk": 202,
    "fields": {
        "storage_hash": "d26becbf46ac48eda79c7a39a13a02dd",
        "name": "thumbnails\\products/2023/05/24\\azelac_antirednes_maska.jpg.200x300_q85.jpg",
        "modified": "2023-05-24T14:37:26.027Z",
        "source": 38
    }
},
{
    "model": "easy_thumbnails.thumbnail",
    "pk": 203,
    "fields": {
        "storage_hash": "d26becbf46ac48eda79c7a39a13a02dd",
        "name": "thumbnails\\products/2023/05/24\\sesderma_factor_G.png.200x300_q85.png",
        "modified": "2023-05-24T14:37:26.197Z",
        "source": 39
    }
},
{
    "model": "easy_thumbnails.thumbnail",
    "pk": 204,
    "fields": {
        "storage_hash": "d26becbf46ac48eda79c7a39a13a02dd",
        "name": "thumbnails\\products/2023/05/24\\Factor_G_Serum.png.200x300_q85.png",
        "modified": "2023-05-24T14:37:26.381Z",
        "source": 40
    }
},
{
    "model": "easy_thumbnails.thumbnail",
    "pk": 205,
    "fields": {
        "storage_hash": "d26becbf46ac48eda79c7a39a13a02dd",
        "name": "thumbnails\\categories/2023/05/24\\tilo.jpg.270x170_q85.jpg",
        "modified": "2023-05-24T15:48:46.269Z",
        "source": 41
    }
},
{
    "model": "easy_thumbnails.thumbnail",
    "pk": 206,
    "fields": {
        "storage_hash": "d26becbf46ac48eda79c7a39a13a02dd",
        "name": "thumbnails\\products/2023/05/24\\sesderma_factor_G.png.600x0_q85.png",
        "modified": "2023-05-24T15:51:57.235Z",
        "source": 39
    }
},
{
    "model": "easy_thumbnails.thumbnail",
    "pk": 207,
    "fields": {
        "storage_hash": "d26becbf46ac48eda79c7a39a13a02dd",
        "name": "thumbnails\\products/2023/05/24\\Factor_G_Serum.png.600x0_q85.png",
        "modified": "2023-05-24T15:52:23.806Z",
        "source": 40
    }
},
{
    "model": "easy_thumbnails.thumbnail",
    "pk": 208,
    "fields": {
        "storage_hash": "d26becbf46ac48eda79c7a39a13a02dd",
        "name": "thumbnails\\products/2023/05/16\\sesderma_azelac_fluid.png.160x90_q85.png",
        "modified": "2023-05-24T15:55:32.412Z",
        "source": 12
    }
},
{
    "model": "easy_thumbnails.thumbnail",
    "pk": 209,
    "fields": {
        "storage_hash": "d26becbf46ac48eda79c7a39a13a02dd",
        "name": "thumbnails\\products/2023/05/24\\azelac_antirednes_maska.jpg.160x90_q85.jpg",
        "modified": "2023-05-24T15:55:32.427Z",
        "source": 38
    }
},
{
    "model": "easy_thumbnails.thumbnail",
    "pk": 210,
    "fields": {
        "storage_hash": "d26becbf46ac48eda79c7a39a13a02dd",
        "name": "thumbnails\\products/2023/04/22\\azelac14-2.jpg.160x90_q85.jpg",
        "modified": "2023-05-24T15:55:32.437Z",
        "source": 5
    }
},
{
    "model": "easy_thumbnails.thumbnail",
    "pk": 211,
    "fields": {
        "storage_hash": "d26becbf46ac48eda79c7a39a13a02dd",
        "name": "thumbnails\\products/2023/05/18\\sirovatca_azelac.jpg.160x90_q85.jpg",
        "modified": "2023-05-24T15:55:32.449Z",
        "source": 24
    }
},
{
    "model": "easy_thumbnails.thumbnail",
    "pk": 212,
    "fields": {
        "storage_hash": "d26becbf46ac48eda79c7a39a13a02dd",
        "name": "thumbnails\\products/2023/04/22\\aselac27-1.jpg.160x90_q85.jpg",
        "modified": "2023-05-24T15:55:32.458Z",
        "source": 7
    }
},
{
    "model": "easy_thumbnails.thumbnail",
    "pk": 213,
    "fields": {
        "storage_hash": "d26becbf46ac48eda79c7a39a13a02dd",
        "name": "thumbnails\\products/2023/05/18\\azelac_lotion2.png.600x0_q85.png",
        "modified": "2023-05-24T15:56:25.534Z",
        "source": 23
    }
},
{
    "model": "easy_thumbnails.thumbnail",
    "pk": 214,
    "fields": {
        "storage_hash": "d26becbf46ac48eda79c7a39a13a02dd",
        "name": "thumbnails\\products/2023/05/21\\sesderma_spf.png.600x0_q85.png",
        "modified": "2023-05-24T18:51:58.749Z",
        "source": 26
    }
},
{
    "model": "easy_thumbnails.thumbnail",
    "pk": 215,
    "fields": {
        "storage_hash": "d26becbf46ac48eda79c7a39a13a02dd",
        "name": "thumbnails\\products/2023/05/01\\d865aa210264f1d85fb4dc9ebea4189f-700x500_1.jpg.160x90_q85.jpg",
        "modified": "2023-05-24T18:52:31.089Z",
        "source": 11
    }
},
{
    "model": "easy_thumbnails.thumbnail",
    "pk": 216,
    "fields": {
        "storage_hash": "d26becbf46ac48eda79c7a39a13a02dd",
        "name": "thumbnails\\products/2023/05/06\\suntogo30.jpg.160x90_q85.jpg",
        "modified": "2023-05-24T18:52:31.122Z",
        "source": 2
    }
},
{
    "model": "easy_thumbnails.thumbnail",
    "pk": 217,
    "fields": {
        "storage_hash": "d26becbf46ac48eda79c7a39a13a02dd",
        "name": "thumbnails\\products/2023/05/24\\Factor_G_contur_eye.png.160x90_q85.png",
        "modified": "2023-05-24T18:52:31.258Z",
        "source": 37
    }
},
{
    "model": "easy_thumbnails.thumbnail",
    "pk": 218,
    "fields": {
        "storage_hash": "d26becbf46ac48eda79c7a39a13a02dd",
        "name": "thumbnails\\products/2023/05/13\\cremcvitsesderma.jpg.160x90_q85.jpg",
        "modified": "2023-05-24T18:52:31.297Z",
        "source": 8
    }
},
{
    "model": "easy_thumbnails.thumbnail",
    "pk": 219,
    "fields": {
        "storage_hash": "d26becbf46ac48eda79c7a39a13a02dd",
        "name": "thumbnails\\products/2023/05/24\\Factor_G_contur_eye.png.600x0_q85.png",
        "modified": "2023-05-24T18:52:44.878Z",
        "source": 37
    }
},
{
    "model": "easy_thumbnails.thumbnail",
    "pk": 220,
    "fields": {
        "storage_hash": "d26becbf46ac48eda79c7a39a13a02dd",
        "name": "thumbnails\\products/2023/05/25\\medikremdmae.jpg.200x300_q85.jpg",
        "modified": "2023-05-25T07:30:34.171Z",
        "source": 42
    }
},
{
    "model": "easy_thumbnails.thumbnail",
    "pk": 221,
    "fields": {
        "storage_hash": "d26becbf46ac48eda79c7a39a13a02dd",
        "name": "thumbnails\\products/2023/05/25\\mediderma_antiaging_krem.jpg.200x300_q85.jpg",
        "modified": "2023-05-25T07:30:34.254Z",
        "source": 43
    }
},
{
    "model": "easy_thumbnails.thumbnail",
    "pk": 222,
    "fields": {
        "storage_hash": "d26becbf46ac48eda79c7a39a13a02dd",
        "name": "thumbnails\\products/2023/05/25\\SILKSES-Skin-moisturizing-protector.jpg.200x300_q85.jpg",
        "modified": "2023-05-25T13:19:45.549Z",
        "source": 44
    }
},
{
    "model": "easy_thumbnails.thumbnail",
    "pk": 223,
    "fields": {
        "storage_hash": "d26becbf46ac48eda79c7a39a13a02dd",
        "name": "thumbnails\\products/2023/05/26\\syvorotka-mgnovennogo-deystvija-sesderma-c-vit-intensive-serum.webp.200x300_q85.jpg",
        "modified": "2023-05-26T17:47:29.688Z",
        "source": 45
    }
},
{
    "model": "easy_thumbnails.thumbnail",
    "pk": 224,
    "fields": {
        "storage_hash": "d26becbf46ac48eda79c7a39a13a02dd",
        "name": "thumbnails\\products/2023/05/26\\soap_sesderma.png.200x300_q85.png",
        "modified": "2023-05-26T17:47:29.819Z",
        "source": 46
    }
},
{
    "model": "easy_thumbnails.thumbnail",
    "pk": 225,
    "fields": {
        "storage_hash": "d26becbf46ac48eda79c7a39a13a02dd",
        "name": "thumbnails\\products/2023/05/25\\medikremdmae.jpg.600x0_q85.jpg",
        "modified": "2023-06-02T16:02:44.680Z",
        "source": 42
    }
},
{
    "model": "easy_thumbnails.thumbnail",
    "pk": 226,
    "fields": {
        "storage_hash": "d26becbf46ac48eda79c7a39a13a02dd",
        "name": "thumbnails\\products/2023/05/06\\suntogo50.jpg.600x0_q85.jpg",
        "modified": "2023-06-02T16:03:17.516Z",
        "source": 4
    }
},
{
    "model": "easy_thumbnails.thumbnail",
    "pk": 227,
    "fields": {
        "storage_hash": "d26becbf46ac48eda79c7a39a13a02dd",
        "name": "thumbnails\\products/2023/05/26\\syvorotka-mgnovennogo-deystvija-sesderma-c-vit-intensive-serum.webp.160x90_q85.jpg",
        "modified": "2023-06-02T16:25:46.275Z",
        "source": 45
    }
},
{
    "model": "easy_thumbnails.thumbnail",
    "pk": 228,
    "fields": {
        "storage_hash": "d26becbf46ac48eda79c7a39a13a02dd",
        "name": "thumbnails\\products/2023/05/23\\vitalise-moisture-intense-serum-30-ml.webp.160x90_q85.jpg",
        "modified": "2023-06-02T16:25:46.325Z",
        "source": 36
    }
},
{
    "model": "easy_thumbnails.thumbnail",
    "pk": 229,
    "fields": {
        "storage_hash": "d26becbf46ac48eda79c7a39a13a02dd",
        "name": "thumbnails\\products/2023/05/13\\SesC_Vit.jpg.160x90_q85.jpg",
        "modified": "2023-06-02T16:25:46.357Z",
        "source": 14
    }
},
{
    "model": "easy_thumbnails.thumbnail",
    "pk": 230,
    "fields": {
        "storage_hash": "d26becbf46ac48eda79c7a39a13a02dd",
        "name": "thumbnails\\products/2023/05/24\\Factor_G_Serum.png.160x90_q85.png",
        "modified": "2023-06-02T16:25:46.496Z",
        "source": 40
    }
},
{
    "model": "easy_thumbnails.thumbnail",
    "pk": 231,
    "fields": {
        "storage_hash": "d26becbf46ac48eda79c7a39a13a02dd",
        "name": "thumbnails\\products/2023/05/13\\sesliposoma.jpg.160x90_q85.jpg",
        "modified": "2023-06-02T16:25:46.531Z",
        "source": 18
    }
},
{
    "model": "easy_thumbnails.thumbnail",
    "pk": 232,
    "fields": {
        "storage_hash": "d26becbf46ac48eda79c7a39a13a02dd",
        "name": "thumbnails\\products/2023/05/13\\ampuly-s-glikolevoy-kislotoy-protiv-stareniya-sesderma-acglicolic.webp.160x90_q85.jpg",
        "modified": "2023-06-02T16:31:23.485Z",
        "source": 15
    }
},
{
    "model": "easy_thumbnails.thumbnail",
    "pk": 233,
    "fields": {
        "storage_hash": "d26becbf46ac48eda79c7a39a13a02dd",
        "name": "thumbnails\\products/2023/05/25\\SILKSES-Skin-moisturizing-protector.jpg.160x90_q85.jpg",
        "modified": "2023-06-02T16:43:56.019Z",
        "source": 44
    }
},
{
    "model": "easy_thumbnails.thumbnail",
    "pk": 234,
    "fields": {
        "storage_hash": "d26becbf46ac48eda79c7a39a13a02dd",
        "name": "thumbnails\\products/2023/05/06\\sunbrellademimakdark.jpg.600x0_q85.jpg",
        "modified": "2023-06-06T13:06:39.641Z",
        "source": 3
    }
},
{
    "model": "easy_thumbnails.thumbnail",
    "pk": 235,
    "fields": {
        "storage_hash": "d26becbf46ac48eda79c7a39a13a02dd",
        "name": "thumbnails\\products/2023/05/25\\mediderma_antiaging_krem.jpg.600x0_q85.jpg",
        "modified": "2023-06-07T09:32:48.882Z",
        "source": 43
    }
},
{
    "model": "easy_thumbnails.thumbnail",
    "pk": 236,
    "fields": {
        "storage_hash": "d26becbf46ac48eda79c7a39a13a02dd",
        "name": "thumbnails\\products/2023/05/26\\syvorotka-mgnovennogo-deystvija-sesderma-c-vit-intensive-serum.webp.600x0_q85.jpg",
        "modified": "2023-06-07T12:47:38.749Z",
        "source": 45
    }
},
{
    "model": "easy_thumbnails.thumbnail",
    "pk": 237,
    "fields": {
        "storage_hash": "d26becbf46ac48eda79c7a39a13a02dd",
        "name": "thumbnails\\products/2023/05/24\\azelac_antirednes_maska.jpg.600x0_q85.jpg",
        "modified": "2023-06-07T12:50:48.554Z",
        "source": 38
    }
},
{
    "model": "easy_thumbnails.thumbnail",
    "pk": 238,
    "fields": {
        "storage_hash": "d26becbf46ac48eda79c7a39a13a02dd",
        "name": "thumbnails\\products/2023/05/25\\SILKSES-Skin-moisturizing-protector.jpg.600x0_q85.jpg",
        "modified": "2023-06-07T12:55:30.476Z",
        "source": 44
    }
},
{
    "model": "easy_thumbnails.thumbnail",
    "pk": 239,
    "fields": {
        "storage_hash": "d26becbf46ac48eda79c7a39a13a02dd",
        "name": "thumbnails\\products/2023/05/06\\suntogo30.jpg.600x0_q85.jpg",
        "modified": "2023-06-07T12:55:43.986Z",
        "source": 2
    }
},
{
    "model": "easy_thumbnails.thumbnail",
    "pk": 240,
    "fields": {
        "storage_hash": "d26becbf46ac48eda79c7a39a13a02dd",
        "name": "thumbnails\\products/2023/05/13\\ampuly-s-glikolevoy-kislotoy-protiv-stareniya-sesderma-acglicolic.webp.600x0_q85.jpg",
        "modified": "2023-06-07T13:12:27.443Z",
        "source": 15
    }
},
{
    "model": "easy_thumbnails.thumbnail",
    "pk": 241,
    "fields": {
        "storage_hash": "d26becbf46ac48eda79c7a39a13a02dd",
        "name": "thumbnails\\products/2023/05/16\\sesderma_cvit_fluid.webp.600x0_q85.jpg",
        "modified": "2023-06-07T13:14:40.246Z",
        "source": 13
    }
},
{
    "model": "easy_thumbnails.thumbnail",
    "pk": 242,
    "fields": {
        "storage_hash": "d26becbf46ac48eda79c7a39a13a02dd",
        "name": "thumbnails\\products/2023/05/26\\soap_sesderma.png.600x0_q85.png",
        "modified": "2023-06-07T17:58:14.546Z",
        "source": 46
    }
},
{
    "model": "easy_thumbnails.thumbnail",
    "pk": 243,
    "fields": {
        "storage_hash": "d26becbf46ac48eda79c7a39a13a02dd",
        "name": "thumbnails\\products/2023/05/13\\cremcvitsesderma.jpg.600x0_q85.jpg",
        "modified": "2023-06-07T18:33:12.554Z",
        "source": 8
    }
},
{
    "model": "easy_thumbnails.thumbnail",
    "pk": 244,
    "fields": {
        "storage_hash": "d26becbf46ac48eda79c7a39a13a02dd",
        "name": "thumbnails\\products/2023/05/06\\sunbrella_30_dark.jpg.600x0_q85.jpg",
        "modified": "2023-06-12T16:23:47.435Z",
        "source": 1
    }
},
{
    "model": "easy_thumbnails.thumbnail",
    "pk": 245,
    "fields": {
        "storage_hash": "d26becbf46ac48eda79c7a39a13a02dd",
        "name": "thumbnails\\products/2023/06/17\\sesderma_fillderma.jpg.200x300_q85.jpg",
        "modified": "2023-06-17T13:46:40.794Z",
        "source": 47
    }
},
{
    "model": "easy_thumbnails.thumbnail",
    "pk": 246,
    "fields": {
        "storage_hash": "d26becbf46ac48eda79c7a39a13a02dd",
        "name": "thumbnails\\products/2023/06/17\\medi_intensive.jpg.200x300_q85.jpg",
        "modified": "2023-06-17T13:46:40.831Z",
        "source": 48
    }
},
{
    "model": "easy_thumbnails.thumbnail",
    "pk": 247,
    "fields": {
        "storage_hash": "d26becbf46ac48eda79c7a39a13a02dd",
        "name": "thumbnails\\products/2023/06/17\\sesderma_yung_crem_gel.png.200x300_q85.png",
        "modified": "2023-06-17T13:46:40.903Z",
        "source": 49
    }
},
{
    "model": "easy_thumbnails.thumbnail",
    "pk": 248,
    "fields": {
        "storage_hash": "d26becbf46ac48eda79c7a39a13a02dd",
        "name": "thumbnails\\products/2023/06/17\\sesderma_fillderma.jpg.600x0_q85.jpg",
        "modified": "2023-06-18T20:17:19.372Z",
        "source": 47
    }
},
{
    "model": "easy_thumbnails.thumbnail",
    "pk": 249,
    "fields": {
        "storage_hash": "d26becbf46ac48eda79c7a39a13a02dd",
        "name": "thumbnails\\products/2023/08/09\\Mediderma_liposomalna.jpg.200x300_q85.jpg",
        "modified": "2023-08-09T09:49:30.600Z",
        "source": 50
    }
},
{
    "model": "easy_thumbnails.thumbnail",
    "pk": 250,
    "fields": {
        "storage_hash": "d26becbf46ac48eda79c7a39a13a02dd",
        "name": "thumbnails\\products/2023/08/09\\Sesderma_serenity_night_cream.jpg.200x300_q85.jpg",
        "modified": "2023-08-09T09:49:30.665Z",
        "source": 51
    }
},
{
    "model": "easy_thumbnails.thumbnail",
    "pk": 251,
    "fields": {
        "storage_hash": "d26becbf46ac48eda79c7a39a13a02dd",
        "name": "thumbnails\\products/2023/08/09\\Mediderma_liposomalna.jpg.600x0_q85.jpg",
        "modified": "2023-08-09T09:50:25.782Z",
        "source": 50
    }
}
]
